CompanyID|CompanyName|Address|PhoneNumber|Email|Type
1|Adams, Perry and Jones|"04384 Spencer Plains Apt. 119
North Benjaminbury, VI 39702"|281048182|william90@shaffer-donaldson.org|Barber Shop
2|Cook Ltd|"8644 Sanchez Forges
Lake Paige, MI 40835"|967275106|morgan96@watts.org|Barber Shop
3|Duke, Wagner and Lawson|"57455 Katie Mews Suite 843
South Sarahmouth, AZ 26979"|493739104|ywest@lynch.com|Barber Shop
4|Best LLC|"461 Hernandez Villages
Masonland, AL 10824"|376706458|bridgetjohnson@santiago.com|Barber Shop
5|Vega-Hawkins|"656 Parker Manors
Stacyfort, PA 42227"|469416723|adrianjohnson@patterson-jacobson.com|Barber Shop
6|Conrad, Ortiz and Cuevas|"43697 Trevino Bridge Apt. 121
Gallegosmouth, MA 30421"|718867807|jeffreyes@crosby-harris.com|Barber Shop
7|Johnson-Bryant|"18238 Joseph Run
Jonesport, MI 61553"|306602378|donnamcneil@cummings-garcia.com|Barber Shop
8|Blake, Thompson and Abbott|"31767 Cynthia Harbor Suite 469
East Brian, GA 29410"|934384229|jerry77@richard.biz|Barber Shop
9|Mclean-Wilson|"43990 Kenneth Mountains Suite 063
Port William, NH 07680"|624238086|david00@santiago-walsh.biz|Barber Shop
10|Edwards Ltd|"PSC 0368, Box 8197
APO AA 66329"|920824968|michael50@white.com|Barber Shop
11|Johnson PLC|"369 Andrea Via Suite 879
West Rickyside, NJ 64728"|350820864|christina35@eaton.info|Barber Shop
12|Flores-Gomez|"058 Jordan Highway Suite 937
North Tanya, KS 64305"|917232912|davisheidi@smith.com|Barber Shop
13|Clark PLC|"109 Daniel Motorway Apt. 641
Gatesland, PW 00921"|811585485|trevor31@wolf.com|Barber Shop
14|Stanley LLC|"USNV Davis
FPO AE 66526"|277129351|danielhayes@lewis.com|Barber Shop
15|Thompson-Wood|"438 Brown Tunnel Apt. 889
West Grantborough, OK 76962"|446382885|norma51@ferguson-harris.com|Barber Shop
16|Brown, Solis and Higgins|"1384 Frazier Dam
Melissaville, NC 99080"|871359344|hadams@howard.com|Barber Shop
17|Campbell-Lamb|"0973 Michael Drives Apt. 587
East Francisco, HI 44701"|859956791|jade89@burns-vega.com|Barber Shop
18|Haley, Hamilton and Rhodes|"43396 Anthony Flats
Hansentown, SC 58712"|114516322|floresandrew@ramos-moore.com|Barber Shop
19|Warner-Flores|"90119 Clifford Lights Apt. 636
Wardmouth, TX 01447"|181399243|anthonyrobinson@velasquez-barker.com|Barber Shop
20|Jenkins LLC|"476 Nicholas Neck
South Ginafurt, CT 11807"|957204342|gglover@newman-higgins.com|Barber Shop
21|Williams Ltd|"4869 Daniel Forge
Joannahaven, MP 32402"|454908480|smithphillip@collins.biz|Barber Shop
22|Perez, Thompson and Young|"18231 Rodriguez Centers
Brownfort, OH 47313"|906716470|nolanbrittney@carpenter.com|Barber Shop
23|Pham-Acosta|"0051 Cynthia Roads Suite 672
Katherineburgh, LA 80689"|635053701|michael70@clark.com|Barber Shop
24|Baker-Hall|"0677 Howell Prairie
Jacksonville, NM 94801"|560080888|courtneypatterson@miller-miller.com|Barber Shop
25|Williams, Lester and Colon|"46089 Amanda Fork Suite 165
North Joshuaside, TX 28540"|859256575|fmontes@george.com|Barber Shop
26|Gardner-Gonzalez|"680 William Point
East Robertborough, SD 18906"|116583387|jessicarich@pierce-green.com|Barber Shop
27|Hawkins PLC|"78545 Patricia Island
Boyertown, IA 92597"|979282445|taterebecca@salinas-sellers.com|Barber Shop
28|Stevens, Ross and Smith|"75388 Heather Throughway Suite 621
Jeffreyburgh, NC 47427"|668157353|xpacheco@fox.org|Barber Shop
29|Snyder, Thompson and Griffin|"69605 Sherri Orchard Apt. 115
Marshallfort, NE 97139"|437732039|qramirez@cruz.com|Barber Shop
30|Reyes-Shaffer|"23019 Beth Alley Suite 131
Lake Becky, SD 48421"|564040991|cisnerosronald@jones-knight.com|Barber Shop
31|Lowe-Parker|"540 Anderson Creek
North Nicoleburgh, OH 11105"|206468758|ystout@dennis-sanders.com|Spa & Wellness Center
32|Mcconnell Inc|"549 Evan Coves Apt. 436
Rayshire, ID 56498"|491498816|webermichael@hamilton-jefferson.com|Spa & Wellness Center
33|Navarro, Jones and Tate|"18705 Laurie View
New Karen, NM 70704"|947573499|xdelgado@gonzalez.info|Spa & Wellness Center
34|Diaz-Lucero|"3567 Lauren Plaza Apt. 421
Bowenburgh, MD 01026"|792120415|ckirk@barry.org|Spa & Wellness Center
35|Rhodes-Jones|"54204 Richard Estates
East Amber, VT 80895"|419843130|william73@mcdaniel.com|Spa & Wellness Center
36|Green-Alvarado|"1611 Donald Curve
South Eric, NH 72621"|529236225|robinflores@chapman-moody.com|Spa & Wellness Center
37|Rivera, Garcia and Morton|"7786 Graves Circle
West James, UT 14278"|578372663|potterpeter@green.org|Spa & Wellness Center
38|Lee, Norman and Ward|"257 Jennifer Coves
Berryborough, SC 10028"|651801688|anthonyjohnson@tanner-chen.com|Spa & Wellness Center
39|Olson Ltd|"86791 Booth Plain Apt. 527
North Robert, AZ 16489"|591485974|kathy64@russell.com|Spa & Wellness Center
40|Mills, Anderson and Roberson|"1491 Crystal Garden
New David, PW 36378"|142533838|crystal54@ayala.com|Spa & Wellness Center
41|Yu Ltd|"PSC 9321, Box 5689
APO AP 72988"|386081981|wintersjennifer@johnson-russell.biz|Spa & Wellness Center
42|Arellano Group|"PSC 3925, Box 0064
APO AP 11591"|409552484|roberthardin@becker.info|Spa & Wellness Center
43|Barber and Sons|"411 Christine Parkway
Jerrystad, FL 54644"|998596456|hbennett@white-rodgers.com|Spa & Wellness Center
44|Smith-Vega|"65386 Ryan Field Suite 355
Lake Christopher, NV 97460"|943797856|hamiltonkimberly@mcgee.info|Spa & Wellness Center
45|Hahn, Soto and Greene|"10061 Oliver Well
Woodston, TN 41908"|290351662|rodriguezrebecca@little.net|Spa & Wellness Center
46|Jarvis and Sons|"90434 Bowers Lake
West Christinamouth, GU 22986"|366950460|emily87@thompson.com|Spa & Wellness Center
47|Horn, Hernandez and Clark|"305 James Common Suite 434
Mcclurechester, GA 32845"|485026706|ihill@ballard-spencer.com|Spa & Wellness Center
48|Vincent-Lopez|"69140 Henderson Mill
Charlesfurt, CO 35805"|630133365|jennifermendez@matthews.org|Spa & Wellness Center
49|Peterson-Simmons|"9645 Brian Passage Apt. 527
Mosesville, KY 40970"|421890981|patriciapierce@jones.biz|Spa & Wellness Center
50|Cox-Little|"6880 Johnson Drives Apt. 874
Martinezview, IL 67580"|402493141|coneill@schmidt.com|Spa & Wellness Center
51|Henry, King and Thompson|"514 Theresa Meadows Suite 079
Jamieview, MH 80601"|224913228|kristin10@johnson-long.com|Spa & Wellness Center
52|Roberts, Johnson and Castillo|"57737 Maria Ways
Janetmouth, MD 65647"|957896763|floreschristian@sanders.com|Spa & Wellness Center
53|Reyes, Rice and Wade|"879 Erica Row
South Tammyport, MD 85672"|434588536|kristen30@robbins.com|Spa & Wellness Center
54|Mckinney-Browning|"380 Paul Circles Apt. 944
Brucehaven, CA 30649"|233858849|seanpope@gonzalez.net|Spa & Wellness Center
55|Smith LLC|"USNS Davis
FPO AE 92718"|863923181|mary34@carroll.com|Spa & Wellness Center
56|Lopez, Bradley and Lee|"4076 Justin Highway
Emilybury, NC 07972"|971730448|petersamy@lamb.info|Spa & Wellness Center
57|Harrison Group|"4500 Collins Crossroad Apt. 849
Morantown, LA 54631"|998416655|jwood@wall.info|Spa & Wellness Center
58|Perry Ltd|"07837 Rubio Ridge Suite 223
Port Angela, NC 63219"|997682405|jennifermcguire@clark.com|Spa & Wellness Center
59|York-Hernandez|"Unit 1410 Box 6964
DPO AE 65680"|724570654|jacksonkristin@holloway.info|Spa & Wellness Center
60|Montoya-Wade|"76043 Flores Tunnel
Johnside, VA 45335"|159342214|garzalinda@taylor.com|Spa & Wellness Center
61|Reynolds-Mcdonald|"635 Russell Mews Suite 810
Morenoport, ME 82229"|933944957|dpatton@ferguson-perez.com|Beauty Salon
62|Woods, Thornton and Mclaughlin|"8651 Tyler Field
West Angela, WY 38421"|784720087|riverarobert@barrera-sanders.info|Beauty Salon
63|Cole-Martin|"Unit 3565 Box 3793
DPO AA 68511"|543696025|josephrhodes@hurley.info|Beauty Salon
64|Lindsey-Krause|"26611 Justin Crest Apt. 952
Lake Alyssaberg, OK 01587"|534201070|codylarson@holt.com|Beauty Salon
65|Butler-Shah|"888 Linda Shoals
Deanville, PR 38828"|136083693|lmartin@thomas-jones.net|Beauty Salon
66|Young Ltd|"04425 Herrera Unions
Sullivanhaven, TN 45971"|219377858|wilsonchad@weaver-peterson.net|Beauty Salon
67|Garcia-Mathews|"2100 James Estate
Kathrynton, CA 47447"|178283664|wilsonshelia@fleming.biz|Beauty Salon
68|Castillo-Martinez|"3345 Anthony Centers
South Kaitlynmouth, SD 44414"|376451618|laurajohnson@boyer.org|Beauty Salon
69|Kemp-Castaneda|"0738 Schmidt Parkways
Frankside, MO 31830"|616182361|andrew81@wright.org|Beauty Salon
70|Frost, Johnson and Tucker|"01098 Joyce Radial Suite 733
Lake Joseph, PA 55357"|316639587|aclark@brown.info|Beauty Salon
71|Gibson Group|"85657 Rodriguez Fork
Roseberg, MA 57050"|366774328|jessicabeck@medina.org|Beauty Salon
72|Barber Group|"6374 Phelps Place Suite 932
Lake Dawn, AR 18928"|970293265|tconner@vasquez.info|Beauty Salon
73|Phillips, Jenkins and Thornton|"72336 White Plain Suite 648
East Hectorberg, DE 41691"|718123888|bhoffman@owens.com|Beauty Salon
74|Whitney, Hernandez and Williams|"12693 Ronnie Via Apt. 369
East Michelleberg, PR 80131"|728272829|michael20@sherman.com|Beauty Salon
75|House, Phillips and Davis|"7598 Lindsey Junction
Thompsonbury, OH 54206"|386117482|robinsonbecky@shaw.biz|Beauty Salon
76|Williams, Thomas and Lewis|"97736 Christopher Island
Ayersfurt, CT 51896"|441066916|monica03@lam.com|Beauty Salon
77|Zhang-Vance|"759 Davis Track
New Allisonview, LA 03762"|121544649|james26@simmons.biz|Beauty Salon
78|Garcia-Holt|"71748 Robert Harbors Suite 422
Victoriatown, TX 89598"|228429103|dylanhall@green-fowler.org|Beauty Salon
79|Gould-Brown|"2690 Donna Crest
West Michelle, GA 86520"|930333141|rhall@brown-farmer.com|Beauty Salon
80|Moore, Hill and Anderson|"048 Nathaniel Crest
Brennanview, MH 35958"|442873768|gloverjames@hunt.info|Beauty Salon
81|James-Gomez|"20335 Shaw Villages Suite 920
West Jennifer, RI 04375"|668464098|yparsons@summers.com|Beauty Salon
82|Gomez, Hall and Patton|"646 Burns Tunnel
Lake Sergio, WV 80163"|104644992|juan99@cherry-sanford.com|Beauty Salon
83|Reeves Inc|"81776 Chris Parks
Robersonstad, NM 88070"|365159807|angela69@harris.org|Beauty Salon
84|Curtis-Hill|"90518 Melissa Forge Suite 523
Murphyburgh, AL 66919"|813988507|jeanelliott@duke.com|Beauty Salon
85|Rose-Malone|"01286 Rachel Greens
West John, NM 21444"|714593929|kimberlyyoung@clark.com|Beauty Salon
86|Stephens, Clark and Reilly|"45265 Heather Via Apt. 912
West Leahfurt, IA 97870"|844431484|ronald91@leblanc.com|Beauty Salon
87|Jones LLC|"919 Katie Drives
Lake Darren, OK 64153"|903816285|renee05@jensen-fields.info|Beauty Salon
88|Valentine Group|"7554 Jones Squares Apt. 122
West Eric, RI 37943"|374753118|kelseyalexander@myers-herrera.com|Beauty Salon
89|Ruiz and Sons|"753 Moore Inlet Apt. 341
Connerport, VI 29948"|833963139|laurahughes@stone.com|Beauty Salon
90|Anderson, Nunez and Bailey|"8583 Tiffany Junctions Apt. 724
Jamesborough, ME 00916"|795650096|brownbrian@graham.info|Beauty Salon
91|Mccarty-Hernandez|"302 Jennifer Stream
Andreaberg, WA 67601"|430522554|kylebrown@woodward.org|Aesthetic Clinic
92|Lopez-Dixon|"783 Ritter Place Apt. 977
Lake Calebhaven, WV 81886"|333003868|josephlee@guzman.info|Aesthetic Clinic
93|Morton-Bridges|"65806 Hansen Underpass Apt. 943
Port Micheleburgh, OR 51510"|224366512|shanepatel@collier.com|Aesthetic Clinic
94|Navarro-Guzman|"940 Reyes Divide
Terryberg, DC 67701"|276648841|glee@johnson-lee.com|Aesthetic Clinic
95|Mueller-Ware|"8211 Cooper Streets Suite 710
Millershire, AZ 91013"|549247523|susanharvey@estes.org|Aesthetic Clinic
96|Moore Ltd|"50624 Bryan Squares
South Ronaldchester, CO 48019"|162315347|qgentry@sanders.com|Aesthetic Clinic
97|Becker, Moore and Figueroa|"0392 Wise Mission
Masonland, CT 29400"|522603478|guerrerocassie@smith.biz|Aesthetic Clinic
98|Myers-Santiago|"181 Frost Lock
Garciaport, MD 12189"|124837264|jeremyparker@schroeder.org|Aesthetic Clinic
99|Padilla, Palmer and Armstrong|"299 Rodriguez Ranch
Lake Edwardhaven, DE 30031"|163593831|johnnypierce@gardner-evans.com|Aesthetic Clinic
100|Park Group|"1637 Cohen Terrace Apt. 433
Vanessashire, AS 23446"|299317267|hartmanrebecca@baker-price.com|Aesthetic Clinic
101|Moon-Williams|"6310 Jacob Meadows Suite 346
Jessicaport, LA 76643"|239499195|sharon81@shea.com|Aesthetic Clinic
102|Keller, Nguyen and Watkins|"374 Stephanie Squares Apt. 289
Michaelburgh, CA 12069"|359048745|joelkelly@cooley.info|Aesthetic Clinic
103|Nguyen, Moody and Gonzalez|"Unit 5290 Box 2008
DPO AA 24113"|181135929|lrodriguez@gonzalez.com|Aesthetic Clinic
104|Weaver, Dean and Baker|"1523 Miguel Dam
Murphyhaven, UT 86757"|111323264|mckinneysara@richardson-cook.com|Aesthetic Clinic
105|Carroll, Douglas and Reeves|"4435 Adam Plains
Lowestad, SD 26831"|927009898|amorales@harding.info|Aesthetic Clinic
106|Wolf, Coleman and Brown|"7443 Sean Neck
North Amandatown, MD 68546"|436216122|pjohnson@kirby-johnson.info|Aesthetic Clinic
107|Hutchinson, Jackson and Lewis|"9112 Vicki Plains
Chanburgh, ND 01050"|349681183|larry14@harris-hernandez.info|Aesthetic Clinic
108|Willis, Sanders and Gibson|"38137 Obrien Key
Davidbury, OR 15391"|509062747|william08@johnston-bentley.com|Aesthetic Clinic
109|Salas Ltd|"713 Smith Orchard
Amberberg, WV 28649"|433262120|bwallace@jones.net|Aesthetic Clinic
110|Mejia-Jensen|"9074 Robert Land Apt. 503
North Christopherburgh, NC 28419"|747189965|cheryl65@wood.com|Aesthetic Clinic
111|Ferguson, Adams and Maynard|"PSC 6124, Box 1019
APO AP 80554"|589062369|fergusondavid@young.com|Aesthetic Clinic
112|Warren, Juarez and Smith|"9489 Black Haven
New Keith, MD 86789"|489040821|daniel63@marsh-herring.com|Aesthetic Clinic
113|Mitchell-Horton|"948 Martinez Passage
Samuelton, WV 15848"|882533260|erin74@mendez-summers.com|Aesthetic Clinic
114|Santana, Brown and Myers|"90250 Heidi Viaduct Apt. 680
Lake Stephen, TN 95403"|354990267|aaronross@smith.biz|Aesthetic Clinic
115|Nunez and Sons|"241 Andrea Prairie Apt. 544
Hendersonshire, WV 90600"|509115468|wyattbrendan@kennedy-romero.com|Aesthetic Clinic
116|Lee, Walters and Morales|"495 Parker Springs
Lake Eric, AZ 65499"|366821168|dawnmiller@castro-porter.net|Aesthetic Clinic
117|Smith Ltd|"0824 Young Vista
Kellyborough, NY 76953"|365740420|gmorales@grimes.com|Aesthetic Clinic
118|Campos, Parker and Harris|"PSC 9832, Box 0698
APO AE 91008"|811107167|swansonashlee@conway-long.com|Aesthetic Clinic
119|Stokes-Morris|"973 Johnson Knoll Suite 304
Carrfurt, MO 27234"|892282489|csims@franco.org|Aesthetic Clinic
120|Newton, Welch and Solomon|"90004 Baldwin Corner Apt. 662
Thompsonbury, ME 38874"|442139145|pmartin@buchanan.com|Aesthetic Clinic
121|Taylor-Guzman|"USS Gonzalez
FPO AA 28708"|729682526|mary71@burton.com|Gym
122|Smith, Pena and Reed|"3201 Moore Neck Apt. 505
Clarkhaven, CA 70880"|688300448|dean27@marquez.org|Gym
123|Hoover, Porter and White|"886 Anderson Prairie
Lake Nathan, OK 54450"|743980737|fhunter@mccoy-phillips.com|Gym
124|Stephens LLC|"875 Hanna Lodge Apt. 418
Wendyfurt, MA 44603"|460236772|catherine98@green.com|Gym
125|Cummings and Sons|"Unit 6888 Box 4857
DPO AA 83412"|381189657|hknight@maxwell-burke.com|Gym
126|Benjamin, Nelson and Davis|"39077 Melissa Squares Suite 997
New David, PR 85248"|463048106|nellis@singleton.info|Gym
127|Hopkins, Jones and Walsh|"34568 Jackson Crossroad
South Stephanie, MN 01989"|795666580|jhamilton@bradley.net|Gym
128|Gordon-Carlson|"88604 Ortiz Camp Apt. 883
East Brendafurt, AR 33133"|949314651|banderson@martin.com|Gym
129|Durham-Davis|"893 James Heights Suite 096
West Crystalbury, ND 44404"|369136623|dwilliams@ramos.info|Gym
130|Huff-Moore|"336 Kevin Lodge Suite 075
Hornehaven, TN 07690"|925495476|jfinley@miller.com|Gym
131|Foster PLC|"48160 Anderson Prairie
Judithborough, TX 66048"|793780792|tonyporter@willis-ryan.org|Gym
132|Williams and Sons|"07397 Gonzalez Loop Apt. 543
Port Denise, NC 63662"|573059183|patrickhunter@woodward-banks.com|Gym
133|Gomez-Oliver|"PSC 2103, Box 3432
APO AP 05463"|634699585|ryoung@hart.com|Gym
134|Phillips, Davidson and Ford|"9187 Franklin Estates Suite 844
Port Devinton, TX 37157"|587534829|dunlapsandra@daniels.info|Gym
135|Carrillo and Sons|"Unit 1729 Box 3121
DPO AA 34751"|901336129|edward19@gomez-long.com|Gym
136|Pearson, Parker and Sloan|"03041 Elizabeth Groves
South Dustin, VT 67142"|330362651|adrianrios@smith.com|Gym
137|Rivers-Stewart|"531 Shelley Creek
Lynnburgh, MP 41242"|697356171|leon10@thompson-carter.com|Gym
138|Williams Group|"80766 Desiree Corner
Port Peter, MA 15304"|864359430|caleb44@byrd-murphy.biz|Gym
139|Campbell LLC|"773 Todd Ranch
Apriltown, OR 19744"|704579732|rodriguezcharles@nelson.org|Gym
140|Smith-Smith|"030 Francisco Ford
Joshuafort, NH 57500"|147195597|alexisallen@young-martin.com|Gym
141|Sloan, Dennis and Howard|"41491 Mckinney Unions
Crystalmouth, DE 30563"|901349860|xclements@foley.com|Gym
142|Figueroa, Singleton and Young|"1728 Nicole Views
Websterland, HI 22965"|665323069|tmoore@gates.com|Gym
143|Chapman, Carpenter and Hamilton|"913 Hale Bypass Suite 725
New Kelsey, MI 70819"|801468546|saracarrillo@walsh-ryan.biz|Gym
144|Porter, Hall and Snyder|"USS Davis
FPO AA 17432"|825093009|richard81@turner-white.com|Gym
145|Watson, White and Castaneda|"944 Hicks Ridge Apt. 076
Jenniferport, DE 15933"|642958484|aaronpeterson@torres.com|Gym
146|Warren LLC|"5334 Christopher Creek Suite 989
Mariaport, TX 87950"|461661410|michaelnelson@chavez-mccoy.com|Gym
147|Brennan LLC|"5080 Scott Port
North Ericton, MT 48475"|698673266|ujones@russell.com|Gym
148|Hernandez-Brown|"12623 Katrina Rapid
North Jason, TN 20337"|939174979|michaelbyrd@hinton-snyder.com|Gym
149|Daniel, Chavez and Romero|"482 Craig Mills Suite 854
Bruceton, NJ 25316"|708698210|maria09@salazar.com|Gym
150|Walter, Petersen and Cunningham|"28435 Herrera Fords Apt. 189
New Megan, NV 12111"|320965739|bhall@ford-brown.com|Gym
151|Gonzales, Green and Norris|"523 Rice Ridge
New Steven, HI 83137"|851717336|alexanderwilson@ballard.biz|Dental Clinic
152|Kemp-Mercado|"85409 Weiss Well Suite 884
Masontown, KY 49901"|619322627|denise22@taylor.com|Dental Clinic
153|Rasmussen, Odonnell and Pittman|"9062 Deborah Lights Apt. 652
West Jeremy, PW 76243"|889758074|wjohnson@young.com|Dental Clinic
154|Taylor PLC|"001 Trevor Meadow Apt. 564
Kathleenchester, AR 56154"|220946314|rachaelwilson@allen-castro.com|Dental Clinic
155|Solomon Ltd|"28028 Drake Shores
East Scott, OH 24481"|600546598|marquezchristina@baker-hicks.org|Dental Clinic
156|Flores-Reynolds|"059 Morgan Manor
Jillburgh, MA 83895"|224043369|randolphbrian@norman.com|Dental Clinic
157|Edwards Group|"031 Mary Ports Suite 054
East Christinemouth, MH 71167"|799975083|timothy53@harrison.com|Dental Clinic
158|Reid-Jenkins|"207 Newman Shoal
Courtneytown, SC 92193"|990321442|ericathomas@wilson.biz|Dental Clinic
159|Silva, Hall and Williams|"Unit 1325 Box 3382
DPO AE 44051"|984333382|vberger@grimes.com|Dental Clinic
160|Simmons-Davis|"01043 Woods Roads
Courtneyshire, AS 31449"|626771462|jennifer30@meyer.info|Dental Clinic
161|Morrison-Hebert|"509 Anita Meadow Suite 556
Port Reginamouth, ID 30622"|473676350|sawyerlauren@hunter-house.com|Dental Clinic
162|Keller-Dawson|"92341 Flores Viaduct
Danielbury, CT 30752"|531906940|christensennorman@martin-mullen.com|Dental Clinic
163|Fuller PLC|"3838 Kim Islands Suite 306
Leonardburgh, PA 46755"|574758842|alice27@sims-sloan.org|Dental Clinic
164|Lowe PLC|"354 Aimee Mews
Brendahaven, AL 40194"|991004532|qevans@hall.com|Dental Clinic
165|Hansen-Bryan|"Unit 3523 Box 4925
DPO AE 20912"|794977516|kristenarias@lee-wilson.com|Dental Clinic
166|Fernandez-Perez|"17190 Kevin Fords Suite 817
Tammyton, FM 46655"|901330645|marshallregina@willis-williams.com|Dental Clinic
167|White, Shannon and Leonard|"932 Lucas Hills Suite 318
West Andrea, VI 31595"|911788919|snorton@diaz-may.com|Dental Clinic
168|Houston-Jarvis|"802 Patricia Ridge Suite 830
Kevinville, WA 49523"|424768062|coxkathryn@johnson-patel.org|Dental Clinic
169|Miller, French and Garza|"5850 Tran Camp
Lake Jeremy, MH 39275"|247713588|wwilson@gomez.com|Dental Clinic
170|Brown, Morton and Tran|"8585 Charles Row Apt. 300
Benitezstad, SD 02847"|989982469|simmonscrystal@williams.info|Dental Clinic
171|Harris-Lucas|"15125 Smith Rapids
Rossport, OK 89916"|674918777|lisa50@alexander-hull.com|Dental Clinic
172|Rodriguez, Harvey and Barajas|"1313 Colin Springs
Clarkeview, MO 42239"|591783415|brandtrachel@horton-gray.com|Dental Clinic
173|Horton, Mcguire and Harrison|"PSC 2408, Box 7138
APO AA 48167"|666674224|rachel17@small-gordon.com|Dental Clinic
174|Bradley PLC|"41314 Graham Vista
North Christopherchester, MA 10494"|654918357|richard56@ayers.com|Dental Clinic
175|Perry, Lee and Smith|"952 John Plaza
Hoodborough, CA 80484"|949685101|jenny51@johnson-brown.com|Dental Clinic
176|Mclaughlin, Davis and Gordon|"00175 Eric Mountain
North Sharonshire, KY 25305"|328180611|crossjennifer@green-rojas.com|Dental Clinic
177|Patterson, Cooper and Bennett|"71201 Bradley Expressway Apt. 807
Lake Larry, MT 39364"|674043353|stephendouglas@smith-cline.biz|Dental Clinic
178|Nguyen, Ballard and Smith|"425 Mary Islands
Schwartzshire, MS 69764"|566467342|iwalter@stokes.com|Dental Clinic
179|Chen, Matthews and Terry|"6133 Erin Village Apt. 905
West Laurabury, PA 56908"|132591298|angeladavis@nelson-rivera.com|Dental Clinic
180|Small Group|"6800 Hill Parks Apt. 498
Craigton, MI 95068"|632837049|mbrown@henry-watkins.net|Dental Clinic
181|Harris Inc|"22929 Daisy Forges
North Christine, KY 70152"|919324343|jennajohnson@fletcher.com|Counselling Center
182|Harvey Group|"14472 Courtney Prairie
Hughesland, OR 39096"|573603891|john28@carr-hardin.com|Counselling Center
183|Carter and Sons|"022 Martha Expressway
Grahamfort, OK 02046"|612406475|leahgarza@copeland-hooper.com|Counselling Center
184|Hess and Sons|"122 Curtis Terrace
North Beckybury, CA 19503"|962217232|keith66@richardson.com|Counselling Center
185|Diaz Ltd|"98199 Meghan Villages
Lake Gary, ID 12859"|596704555|kimberly22@wood.com|Counselling Center
186|Tapia, Garcia and Yang|"7100 Medina Station
Destinybury, SD 26214"|540878001|sherrifloyd@horn.com|Counselling Center
187|Gould-Ochoa|"758 Edwards Walk
North Kyle, MO 55176"|269557719|frodriguez@guerra-brooks.com|Counselling Center
188|Pineda, Miller and Sanford|"60424 Tara Grove Apt. 888
Anitachester, MA 02907"|522812606|bowersjennifer@fowler.info|Counselling Center
189|Jones and Sons|"0433 Hill Isle Suite 590
Vargasfort, MP 73135"|430264181|smoran@tran-garcia.org|Counselling Center
190|Cross-Carter|"056 Jimenez Road
South Brian, OK 11531"|955785774|marysanchez@whitehead.com|Counselling Center
191|Lyons-Jones|"785 Jenna Forest Suite 225
Howardland, PR 89449"|264464100|ross93@reed-reese.info|Counselling Center
192|Dominguez, Simon and Krueger|"23827 Joshua Unions Apt. 704
New Williamland, DE 71364"|689945415|mjohnson@luna.info|Counselling Center
193|Thomas-Thornton|"Unit 2269 Box 6373
DPO AP 95832"|703149358|lstewart@black.com|Counselling Center
194|Lang-Weeks|"95305 Diaz Prairie Suite 050
Mcintyreport, MA 29613"|228038019|hubbardpaul@clark-cardenas.biz|Counselling Center
195|Tyler-Wood|"7163 Amy Track Suite 433
Blairchester, OR 18352"|499122577|javier50@hill-kane.com|Counselling Center
196|Davidson-Hardy|"708 Deborah Summit Suite 007
Mcbridestad, IN 25720"|725939252|lori37@haynes.com|Counselling Center
197|Mora-Rodriguez|"3731 Henderson Island Suite 979
Port Logan, CO 78379"|488961867|jensenamy@rogers-bentley.com|Counselling Center
198|Lopez Ltd|"158 Wilson Creek
Oliviaport, DE 25765"|632597445|kristy97@guerrero-smith.com|Counselling Center
199|Harper, Hartman and Martin|"46477 Kelly Glen
North Nichole, TX 59835"|435788769|rmckee@martinez.biz|Counselling Center
200|Jordan, Williams and Marshall|"Unit 7218 Box 9625
DPO AE 67399"|958827365|danielle58@moran.com|Counselling Center
201|Rodriguez Ltd|"0107 Jennifer Lakes
Port Lisaville, RI 02967"|977551261|taragordon@anderson.com|Counselling Center
202|English-Hubbard|"6665 Christopher Turnpike Apt. 552
Port Douglas, AZ 80308"|494128491|matthewpace@hill.com|Counselling Center
203|Gray-Austin|"02025 Carter Rue
Jasonville, CO 52971"|812074547|millerloretta@carter.info|Counselling Center
204|Sutton-Lewis|"295 Knight Track
South Diane, AS 51173"|427359342|khill@duran.com|Counselling Center
205|Valencia-Patrick|"596 Austin Parks
Freemanport, NE 33338"|596502188|harperanthony@curtis.net|Counselling Center
206|Taylor-Young|"411 Hernandez Inlet Apt. 601
Brianview, MH 88471"|184167598|kristykennedy@hernandez.com|Counselling Center
207|Gibbs-Russell|"801 Susan Mills
South Stephen, KS 95321"|713935916|chernandez@potter-parker.com|Counselling Center
208|Rodriguez-Hendricks|"488 Brown Island
Sharonborough, GA 34638"|918652903|barbara60@williams.org|Counselling Center
209|Hill Inc|"3308 James Mall
Barryfort, KY 49557"|156525995|randyparker@coleman.biz|Counselling Center
210|Taylor-Beasley|"0475 Janet Knolls
Port Lanceport, HI 47798"|322798266|samantha31@wilson-wright.com|Counselling Center
211|Cervantes and Sons|"5757 Carter Loop Apt. 662
Smithberg, NM 92831"|126506777|whitealison@ferguson.com|Educational Institute
212|Johnson-Rogers|"10536 Phillips Plains
Lake Peterbury, GU 61137"|347326683|colemangregory@byrd.com|Educational Institute
213|Humphrey Inc|"86829 Black Well Suite 257
West Pamela, ME 58769"|389986137|vanessa58@farmer.net|Educational Institute
214|Jones and Sons|"105 Jenkins Way Suite 588
West Dawn, NV 01002"|148747754|david87@smith-parks.info|Educational Institute
215|Martinez, Johnson and Jones|"58346 Beasley Junction
North Alexandra, AR 37471"|860214247|buchanankevin@dudley-brown.org|Educational Institute
216|Espinoza, Thompson and Long|"0352 Bird Estates Apt. 116
Port Tom, AR 10679"|872841598|znoble@cohen-thompson.com|Educational Institute
217|Parsons-Douglas|"265 Kelley Ford
West Michelemouth, OR 57214"|792501631|tcannon@hoffman.com|Educational Institute
218|Hayes Ltd|"7408 Melanie Well Apt. 136
Elizabethberg, HI 70407"|358944400|amandalee@martinez-jordan.net|Educational Institute
219|Oconnor-Olson|"215 Anderson Isle
Jomouth, CT 37131"|326149649|meganbrandt@nguyen.biz|Educational Institute
220|Conrad-Hunter|"7204 Lin Villages Apt. 919
North Nicholasview, OK 83195"|354473854|gomezjohn@gibbs.com|Educational Institute
221|Ellis, Wagner and Orozco|"8628 Cynthia Groves
Lorishire, KY 17730"|528767330|fieldsmark@krause.com|Educational Institute
222|Webb-Mata|"42628 Erin Way Suite 287
Elizabethshire, DE 75227"|101899779|nicholasmontgomery@cordova-johnson.biz|Educational Institute
223|Mcdonald, Flores and Castillo|"3003 Lopez Dale Suite 762
Mistyberg, IN 51593"|455254003|uluna@mccarthy-hayes.info|Educational Institute
224|Hester, Webster and Smith|"053 John Mountain
Jacobstown, AK 02288"|112835143|wardjulie@silva.net|Educational Institute
225|Curry LLC|"031 Christopher Springs
Lewisberg, LA 70283"|685987630|nsmith@lindsey-howell.com|Educational Institute
226|Reed LLC|"28285 Ward Passage Suite 256
Petersonbury, PW 60619"|819741793|patriciamartinez@young.com|Educational Institute
227|Cannon-Black|"30667 John Inlet Suite 840
East Adamland, TX 31992"|269286806|alvareznatalie@schneider.biz|Educational Institute
228|Butler-Castro|"15276 Amber Street
West Kathystad, PW 57969"|769914495|hinesdavid@arias.biz|Educational Institute
229|Smith Inc|"2350 Young Heights Apt. 377
New Deborahfort, DE 51915"|356626690|rodriguezkimberly@orozco.com|Educational Institute
230|Holt, Lopez and Clayton|"5259 Stout Forges Apt. 749
North Anthonyland, NM 51640"|903012349|justin32@wilkinson.com|Educational Institute
231|Ross, Haney and Valencia|"138 Nicole Flats Suite 868
Hamiltonfurt, SC 74980"|647062333|jenniferrobinson@rodriguez.com|Educational Institute
232|Christian, Harris and Proctor|"542 Kathryn View Suite 730
Port Karaborough, ID 16718"|232927179|johnstondeborah@alvarez.com|Educational Institute
233|Brown, Alexander and Cross|"5573 Savannah Corners
Watsonfurt, NE 19493"|879254514|michael54@jones-buckley.biz|Educational Institute
234|Payne-Butler|"11730 Kristine Passage
New Justinport, CO 34502"|935626022|allisonramsey@riley-gibson.info|Educational Institute
235|Lowe-Anderson|"5705 Flores Mission
Brownfurt, ID 32515"|226082630|hickslaura@tucker-carson.biz|Educational Institute
236|Beard, Guerra and Garrett|"79907 Bauer Bridge
Penaville, ND 84290"|176533444|victorpeterson@lambert.com|Educational Institute
237|Young Inc|"30247 Michael Road
Port Claudia, IA 76119"|505638861|gordonangie@livingston-pierce.com|Educational Institute
238|Chandler PLC|"5669 Jeffrey Ridge Apt. 349
Karenburgh, MD 58777"|356127813|jasonhughes@brown-george.com|Educational Institute
239|Johnston, Carr and Watts|"08502 Wilson Crossroad Suite 169
Lake Julie, NH 01639"|217205689|james83@rollins-booker.com|Educational Institute
240|Padilla PLC|"USNS Ross
FPO AA 15892"|562287282|rebeccacaldwell@harris.net|Educational Institute
241|Sullivan-Gonzales|"85989 Joy Flat
Andrewfort, ID 74200"|734709115|leetabitha@davis.info|Photography Studio
242|Suarez-Cole|"10805 Hale Dale Apt. 819
Mckinneyton, AZ 53110"|301732601|floresbrittany@ross-martinez.info|Photography Studio
243|Miller PLC|"530 Brown Court Suite 244
North Samuel, RI 76141"|929544935|yparrish@sims.info|Photography Studio
244|Moore-Walker|"251 Matthew Key Apt. 321
East Shelly, TN 37167"|278863122|aaron18@murphy.net|Photography Studio
245|Steele, Ballard and Hampton|"1473 Williams Points Suite 692
Christianfort, PW 83601"|228257128|katherinebradford@walker.org|Photography Studio
246|Ellis, Bender and Valencia|"357 Christensen Islands
Port Donald, WA 20388"|617448558|alicia36@morgan.org|Photography Studio
247|Clark LLC|"631 Sean Glen Suite 310
East Traciborough, AK 75151"|649744989|masonmelanie@carr-miller.com|Photography Studio
248|Berger Ltd|"3303 Barber Wells Apt. 349
Bobbyland, KS 65126"|723555097|isaac03@quinn.com|Photography Studio
249|Hancock-Howard|"USS Lee
FPO AE 01799"|326216473|hendersonangela@rogers.com|Photography Studio
250|Padilla-Riley|"2569 Frances Pass Apt. 347
Bestburgh, AS 38643"|584359902|zescobar@johnson-anderson.net|Photography Studio
251|Sanchez, Weber and Patterson|"70587 Mendoza Glen Suite 636
Andrewchester, ID 18213"|943699836|lesliewhite@brown-martinez.com|Photography Studio
252|Nelson, Mckenzie and Knight|"0922 Green Streets Apt. 993
Lake Amandaville, AZ 73124"|787406657|kimberlygonzales@robertson-mitchell.info|Photography Studio
253|Collins, Cox and Henderson|"6933 Johnny Burg Suite 799
Newtonmouth, VT 59392"|992926910|brianwilliams@young.com|Photography Studio
254|Hansen-Holmes|"87162 Moore Hills
Pittmanfurt, OR 99668"|244420830|davidsingh@diaz.com|Photography Studio
255|Ellis Ltd|"1713 Samantha Station Apt. 896
Michaelhaven, GU 30108"|725471513|jennifer94@torres.biz|Photography Studio
256|Cantrell and Sons|"4242 Timothy Springs
West Jose, IN 35687"|638554521|apollard@weaver.com|Photography Studio
257|Johnson, Smith and Hall|"53735 Sampson Roads Apt. 091
West Jonathanborough, VI 34882"|447583056|margaret91@hancock-obrien.com|Photography Studio
258|Adams LLC|"12308 Evans Fork Suite 757
Davisbury, AK 83127"|439134903|vmiranda@finley.com|Photography Studio
259|Edwards-Burke|"9050 Sandra Vista
West Donaldview, MO 96318"|382657042|mullinsterri@odonnell.com|Photography Studio
260|Williams LLC|"79249 Danielle Streets Suite 791
Lake Davidberg, NC 58204"|643477589|douglasbrown@edwards-wolf.com|Photography Studio
261|Castillo, Duncan and Schmidt|"9759 Mary Crescent Suite 844
Port Tommy, OK 46506"|610039303|andersonlaurie@rhodes-sherman.info|Photography Studio
262|Nguyen LLC|"929 Carlos Row Apt. 612
Port Eric, WY 38636"|191941221|daykyle@reid.com|Photography Studio
263|Rocha Group|"06345 Daniel Rest
Brianfort, DE 43142"|416064344|ramirezamanda@ortega-keith.info|Photography Studio
264|Jones and Sons|"00452 Taylor Burg
Cynthiashire, MA 18493"|982336003|ksimpson@wiley.com|Photography Studio
265|Morrow LLC|"32279 Robinson Motorway Apt. 932
West Daniel, NJ 88957"|438131085|jenniferfuentes@brown-anderson.info|Photography Studio
266|Rosario, Kramer and Garcia|"585 Shane Branch Suite 454
West Virginiabury, CT 69581"|815183838|megan07@shepard.org|Photography Studio
267|Rivera Ltd|"USCGC Brown
FPO AA 65759"|304335728|thorntonsamuel@fisher-richardson.net|Photography Studio
268|Patton, Gonzalez and Thomas|"7279 Wright Forks
Kristenbury, DE 94677"|679933906|paulawilson@blake-wilson.net|Photography Studio
269|Hernandez-Ayers|"36860 Rodriguez Island
Port Tanner, FL 24712"|175510957|ndixon@white.net|Photography Studio
270|Perez, Allen and Mack|"1953 Charles Club
Manuelstad, AZ 92749"|678762633|torresamber@cross-maldonado.com|Photography Studio
271|Curry Ltd|"37381 Timothy Vista
South Cassie, IL 44114"|779790707|meganmccoy@contreras.org|Cleaning Service
272|Chung, Dunn and Kelley|"324 Andrews Motorway Apt. 335
Craigchester, CT 01180"|888436706|krose@newton-myers.biz|Cleaning Service
273|Pugh, Keller and Williams|"3111 James Islands
Youngchester, AL 54595"|323169754|garciaantonio@williams.com|Cleaning Service
274|Thomas, Johnston and Peters|"177 Amanda Highway
North Rebecca, AR 89067"|673910599|elizabethhiggins@cruz.com|Cleaning Service
275|Myers Group|"12428 Lee Point Apt. 962
West Keithshire, MS 54987"|523993554|jstout@fowler-martinez.com|Cleaning Service
276|Thompson-Ross|"USCGC Vaughn
FPO AE 29054"|121370442|drichards@nguyen.info|Cleaning Service
277|Rhodes Group|"58277 Blevins Hill Apt. 479
South Laurenberg, MS 60560"|550461884|gibsonnicholas@collins.info|Cleaning Service
278|Jordan-Miller|"8255 Marissa Estate Suite 109
West Cynthiahaven, MA 80209"|430328612|leahhenderson@byrd-martinez.biz|Cleaning Service
279|Romero Ltd|"3410 Garcia Club
Port Johnville, CO 83297"|922845446|imeyer@alexander-ware.com|Cleaning Service
280|Hunt-Harper|"4377 Luis Fork Apt. 458
Aguilarberg, RI 79993"|222600568|aescobar@owens.com|Cleaning Service
281|Henry, Williams and Smith|"64986 Felicia Trafficway
North Christopher, MT 99563"|361131833|bushmarilyn@thomas.com|Cleaning Service
282|Lee-Hess|"3178 Martha Lodge Suite 067
South Matthewstad, NM 38586"|219825588|srichard@jones-ortega.org|Cleaning Service
283|Rodriguez-Foster|"2680 Murphy Prairie
Ryanview, MI 95726"|241450245|smaddox@wise-mullen.com|Cleaning Service
284|Huynh, Parker and Moore|"8806 Brooks Shoal Suite 107
North Anne, PR 41577"|965088255|melissa16@hall.com|Cleaning Service
285|Robbins LLC|"46191 Lisa Overpass
Goodwinview, MP 98132"|301184715|bmartin@kaufman-taylor.com|Cleaning Service
286|Diaz, Barrera and Ashley|"9273 Kathy Lodge Apt. 249
North Michelletown, NM 66166"|780706624|imartin@aguilar.com|Cleaning Service
287|Mccarty, Mueller and Miranda|"5884 Anderson Ports Apt. 485
Vaughnberg, SC 30729"|402910544|aalvarez@diaz.com|Cleaning Service
288|Oneill-Schmidt|"10197 Kimberly Corner Apt. 385
Wrightview, MA 80101"|568291554|aaronkane@murray-levine.com|Cleaning Service
289|Cole Group|"907 Campbell Forks Suite 801
Lake Thomas, MH 18481"|731824859|obennett@walker-smith.com|Cleaning Service
290|Simmons Inc|"919 Ronnie Forest Apt. 280
South Jesus, IA 49722"|261989196|xgreen@reeves-walker.biz|Cleaning Service
291|Hansen, Lutz and Acevedo|"0936 Spence Locks Suite 118
Port William, SD 96397"|969429470|jerry99@webster-glover.biz|Cleaning Service
292|Brown, Bowers and Bolton|"203 Vanessa Circles Apt. 781
New Lindsey, NE 10077"|243077138|qvazquez@lambert-flores.com|Cleaning Service
293|Morales-Jordan|"829 Valerie Brook
New Moniqueton, AK 10396"|924475064|lambaimee@riley.com|Cleaning Service
294|Lang-Guerrero|"PSC 9579, Box 4813
APO AE 93647"|494290452|jeffreydaniel@delgado.biz|Cleaning Service
295|Carroll, Walker and Austin|"49851 Darrell Club Suite 101
Ryanfurt, GA 83830"|906413710|tparker@brown.com|Cleaning Service
296|Butler LLC|"266 Houston Land Apt. 579
Michelletown, NY 77099"|110104618|johnsonchristina@chavez.com|Cleaning Service
297|Thomas-Clarke|"7073 Brown Branch
South Dennis, NH 21440"|199401525|tburton@smith.com|Cleaning Service
298|Hoover PLC|"4476 Taylor Estates Suite 558
Santosland, SD 31096"|561735545|wolferebecca@harrison.com|Cleaning Service
299|Hardin Inc|"932 Hawkins Keys Suite 185
Alanshire, TX 39506"|545208047|zgiles@black.biz|Cleaning Service
300|Moreno-Andrews|"3856 Jeffrey Dam Suite 701
Whiteside, MD 94306"|108904490|stevenkennedy@moreno.com|Cleaning Service
