ID|Promo code|DiscountAmount
1001|PROMO-TUNJ-7012|40
1002|PROMO-CZFF-5388|30
1003|PROMO-ZFRZ-9677|35
1004|PROMO-OKXY-1626|5
1005|PROMO-CXQJ-6269|45
1006|PROMO-EWAO-7181|10
1007|PROMO-EPTF-9505|35
1008|PROMO-MKVE-8060|5
1009|PROMO-QBWQ-4160|20
1010|PROMO-ELDL-4153|40
1011|PROMO-ZGYW-5737|45
1012|PROMO-MDAQ-6624|45
1013|PROMO-ZNBD-7030|40
1014|PROMO-IWQQ-0679|15
1015|PROMO-EFRZ-9380|45
1016|PROMO-WZBI-4275|10
1017|PROMO-RCVT-6344|5
1018|PROMO-RJBZ-2818|15
1019|PROMO-DLLC-0468|5
1020|PROMO-VAQN-5413|10
1021|PROMO-GXQH-4336|35
1022|PROMO-GWFC-0912|15
1023|PROMO-EHJT-6995|45
1024|PROMO-IWMZ-0191|30
1025|PROMO-POAK-2825|5
1026|PROMO-JJQQ-1634|40
1027|PROMO-QMJW-6183|20
1028|PROMO-VJJE-1075|45
1029|PROMO-TGNT-6915|25
1030|PROMO-IDTV-6925|20
1031|PROMO-EIPN-0469|30
1032|PROMO-SSBX-7232|45
1033|PROMO-IISL-7492|10
1034|PROMO-VPEC-9894|25
1035|PROMO-MKCT-1211|40
1036|PROMO-RFRU-1800|50
1037|PROMO-RDLJ-8197|25
1038|PROMO-CSOU-8182|35
1039|PROMO-XNWS-2548|20
1040|PROMO-VJJI-0811|5
1041|PROMO-DSSG-5032|15
1042|PROMO-ZLUC-9248|45
1043|PROMO-BEUK-1541|45
1044|PROMO-KOEN-6836|30
1045|PROMO-TOIS-5632|5
1046|PROMO-LEOU-0132|45
1047|PROMO-PZDS-6514|10
1048|PROMO-ZKBK-8105|30
1049|PROMO-CGUA-3216|15
1050|PROMO-BSBS-0979|25
1051|PROMO-FJXD-8881|35
1052|PROMO-PSHK-5743|10
1053|PROMO-IYTV-7086|30
1054|PROMO-KOVQ-7932|35
1055|PROMO-LCBQ-1027|35
1056|PROMO-DMMC-3843|15
1057|PROMO-TYME-0371|35
1058|PROMO-RFOF-9677|35
1059|PROMO-FCOI-7421|15
1060|PROMO-FOBG-4175|10
1061|PROMO-TANW-9372|45
1062|PROMO-HKLA-0822|10
1063|PROMO-YXJY-8413|10
1064|PROMO-KUOW-0242|25
1065|PROMO-MAUS-6080|20
1066|PROMO-EQDY-9926|35
1067|PROMO-EIUB-7913|25
1068|PROMO-JOCQ-2143|10
1069|PROMO-WIHQ-9593|30
1070|PROMO-YPJF-5304|25
1071|PROMO-SOMM-6254|40
1072|PROMO-JDJC-3821|10
1073|PROMO-LEZL-6227|50
1074|PROMO-MTNA-3729|15
1075|PROMO-ZLXU-9224|40
1076|PROMO-XPRA-4887|45
1077|PROMO-PKCO-9065|5
1078|PROMO-QHCY-8216|40
1079|PROMO-GLWF-7400|35
1080|PROMO-NASN-7280|40
1081|PROMO-FHLY-1960|20
1082|PROMO-NGRX-2015|40
1083|PROMO-PQID-6299|40
1084|PROMO-XKZR-6803|5
1085|PROMO-GSVV-5140|25
1086|PROMO-LPCL-0512|45
1087|PROMO-QHUB-8022|5
1088|PROMO-BQAQ-8670|20
1089|PROMO-FXYS-8212|35
1090|PROMO-QTKA-7385|50
1091|PROMO-BFGB-3755|45
1092|PROMO-CXSM-7981|40
1093|PROMO-WCZS-4621|40
1094|PROMO-MXJR-5331|25
1095|PROMO-XIGM-8141|5
1096|PROMO-OFCS-4144|35
1097|PROMO-VSHS-5041|30
1098|PROMO-FDOH-2208|50
1099|PROMO-RSTQ-5904|10
1100|PROMO-MFRC-8387|10
1|PROMO-ZLLJ-5634|30
2|PROMO-CTDL-3338|50
3|PROMO-IFOX-4627|40
4|PROMO-YDUD-9086|20
5|PROMO-VLEU-8775|35
6|PROMO-VZOL-7713|20
7|PROMO-PBIF-9050|10
8|PROMO-IEOE-3870|25
9|PROMO-EFVA-3273|15
10|PROMO-AYKB-0614|30
11|PROMO-UXPV-8347|5
12|PROMO-NYWK-1968|45
13|PROMO-MMJP-2087|35
14|PROMO-DQVU-3731|10
15|PROMO-LQDM-6623|15
16|PROMO-FMZY-6580|5
17|PROMO-YIWH-6806|15
18|PROMO-FNWI-0225|5
19|PROMO-NZEQ-8009|25
20|PROMO-QKSE-8727|50
21|PROMO-GXCV-2571|30
22|PROMO-WIRI-1319|35
23|PROMO-AIPT-7799|5
24|PROMO-DBLH-9339|25
25|PROMO-HFJW-2189|5
26|PROMO-QKEI-1376|50
27|PROMO-JXHM-8270|10
28|PROMO-KGGG-5417|40
29|PROMO-RDOZ-7838|10
30|PROMO-ITLI-3487|15
31|PROMO-QPLY-2968|25
32|PROMO-USHZ-1333|35
33|PROMO-IABQ-7349|30
34|PROMO-TVTT-5254|35
35|PROMO-RNVX-1397|35
36|PROMO-PFQZ-7230|20
37|PROMO-ZIVV-5123|15
38|PROMO-RAWF-7364|35
39|PROMO-CXMB-2919|25
40|PROMO-NQRZ-0229|20
41|PROMO-KIBO-5387|5
42|PROMO-AMOG-9537|35
43|PROMO-RBUD-9344|45
44|PROMO-OCSS-4185|45
45|PROMO-XHTD-4792|15
46|PROMO-YLGJ-1722|10
47|PROMO-JCPH-1268|5
48|PROMO-DMOW-5649|25
49|PROMO-IHRN-3973|10
50|PROMO-GYWO-3003|45
51|PROMO-UCLR-9387|25
52|PROMO-TMOY-8686|50
53|PROMO-CUEC-3723|35
54|PROMO-SJOX-9680|30
55|PROMO-EKOO-7733|10
56|PROMO-GRJK-6764|5
57|PROMO-AIID-6833|5
58|PROMO-ZMHR-0271|45
59|PROMO-TFJK-5146|20
60|PROMO-EBVL-8148|50
61|PROMO-RMMI-7118|25
62|PROMO-GFGG-5066|40
63|PROMO-SWNM-4139|35
64|PROMO-OOXJ-9608|20
65|PROMO-KLEM-8942|35
66|PROMO-PVKL-0769|10
67|PROMO-RHPT-9380|15
68|PROMO-MYUC-5736|25
69|PROMO-CGBY-5445|15
70|PROMO-PLPP-3867|5
71|PROMO-HRNE-2617|20
72|PROMO-HMOS-8722|35
73|PROMO-EORP-2251|15
74|PROMO-QCFN-7460|5
75|PROMO-NEYY-9965|50
76|PROMO-PJFW-2123|20
77|PROMO-XODP-2527|15
78|PROMO-QUAX-9497|30
79|PROMO-HKQX-5777|45
80|PROMO-OMJV-8031|25
81|PROMO-SXCC-7793|25
82|PROMO-UWLC-8108|45
83|PROMO-VTJT-0219|5
84|PROMO-NELW-9555|45
85|PROMO-ILGZ-3638|20
86|PROMO-YRTO-8483|25
87|PROMO-NAYR-6145|50
88|PROMO-AUJY-5917|5
89|PROMO-GTCD-3372|5
90|PROMO-EBTQ-8914|45
91|PROMO-AYQX-5516|25
92|PROMO-GVZF-5607|30
93|PROMO-BAXX-3061|45
94|PROMO-YNTJ-5333|10
95|PROMO-FUUV-1929|20
96|PROMO-RUUD-2983|50
97|PROMO-EMJZ-1839|35
98|PROMO-VWOR-3442|40
99|PROMO-RYHB-4535|40
100|PROMO-NAXD-3936|5
101|PROMO-POAG-3255|30
102|PROMO-DBJV-5619|15
103|PROMO-GJMG-3676|20
104|PROMO-HQWC-2278|30
105|PROMO-BQKN-8047|35
106|PROMO-UEEH-0631|25
107|PROMO-CVIW-7401|5
108|PROMO-WLAG-3818|40
109|PROMO-OUJS-1808|30
110|PROMO-SRMG-0746|45
111|PROMO-JSHB-8059|20
112|PROMO-JUGW-3469|25
113|PROMO-HPHJ-8999|25
114|PROMO-JWWP-2932|50
115|PROMO-JMFV-2546|20
116|PROMO-OGIN-0042|50
117|PROMO-SOIH-2754|15
118|PROMO-TNNE-2524|40
119|PROMO-CBGH-1702|50
120|PROMO-AAMI-7842|35
121|PROMO-CMSG-0801|15
122|PROMO-BPBN-1943|50
123|PROMO-IUAO-4039|40
124|PROMO-YBTU-6767|30
125|PROMO-YPDP-8318|40
126|PROMO-DZHQ-4323|5
127|PROMO-LKPF-7657|15
128|PROMO-CJLN-7699|20
129|PROMO-OKNY-8079|30
130|PROMO-WRAT-9417|5
131|PROMO-NVIR-8908|10
132|PROMO-KCPU-0852|50
133|PROMO-JFEX-2016|35
134|PROMO-UDRK-7621|30
135|PROMO-PKTA-4288|20
136|PROMO-KYDC-9798|35
137|PROMO-JFUU-0803|15
138|PROMO-ALGV-0233|10
139|PROMO-XERH-0982|10
140|PROMO-PYXK-8133|40
141|PROMO-JZPJ-7004|25
142|PROMO-EWBZ-4438|5
143|PROMO-VLYA-0658|25
144|PROMO-SAPJ-6726|25
145|PROMO-MMUZ-5968|45
146|PROMO-HTTU-8846|30
147|PROMO-UDFW-3731|15
148|PROMO-HPQE-9398|15
149|PROMO-VWGG-4506|45
150|PROMO-RLLW-2020|25
151|PROMO-DIAU-7979|35
152|PROMO-KZNN-0163|5
153|PROMO-HMVG-8316|15
154|PROMO-OWCU-6104|40
155|PROMO-GKXP-8175|5
156|PROMO-VVVO-4129|30
157|PROMO-PEBT-3376|30
158|PROMO-JXKA-6005|45
159|PROMO-CYNR-1612|45
160|PROMO-WMXE-3314|40
161|PROMO-CYSV-1427|10
162|PROMO-SFNH-0355|35
163|PROMO-KLJO-3552|45
164|PROMO-DDCI-8131|10
165|PROMO-LGWP-8999|40
166|PROMO-NSQJ-3184|30
167|PROMO-QNAE-5710|25
168|PROMO-VXVP-2183|45
169|PROMO-WIGM-7146|30
170|PROMO-CALE-9460|10
171|PROMO-SAUD-2273|50
172|PROMO-MTOR-0481|35
173|PROMO-SMYU-4260|5
174|PROMO-NHXG-2138|20
175|PROMO-BHZZ-8754|5
176|PROMO-TXAJ-5218|10
177|PROMO-PWKP-9691|15
178|PROMO-VJBO-1230|10
179|PROMO-KIBN-9105|5
180|PROMO-QECX-7438|45
181|PROMO-WXQA-6357|40
182|PROMO-LQTI-7920|40
183|PROMO-MMCJ-5848|10
184|PROMO-PJNY-7011|40
185|PROMO-RUDK-9035|15
186|PROMO-TJYI-1053|30
187|PROMO-DSNI-4088|30
188|PROMO-ZNSF-8819|45
189|PROMO-WDVC-8391|35
190|PROMO-ZIMQ-4923|15
191|PROMO-SSBY-3104|25
192|PROMO-WPXQ-8208|10
193|PROMO-BBDM-3861|20
194|PROMO-NLYW-1367|20
195|PROMO-PZBK-3444|10
196|PROMO-WLQK-3117|50
197|PROMO-EXIM-5877|10
198|PROMO-PWTJ-1684|30
199|PROMO-VUNQ-8486|45
200|PROMO-HTJU-2636|15
201|PROMO-DMGK-7945|50
202|PROMO-KETD-4068|15
203|PROMO-THHP-9345|25
204|PROMO-GBIV-1799|10
205|PROMO-HTSG-5191|45
206|PROMO-XTVQ-9262|40
207|PROMO-GNLF-4574|50
208|PROMO-OYSI-3387|45
209|PROMO-PGGM-5049|35
210|PROMO-DIUX-4798|10
211|PROMO-WHLI-0789|15
212|PROMO-PGGL-8266|10
213|PROMO-XQIR-7853|15
214|PROMO-UPTP-9358|10
215|PROMO-GJMS-5933|30
216|PROMO-VRJQ-5384|50
217|PROMO-ZWIQ-8678|40
218|PROMO-LCKD-1467|25
219|PROMO-QBLS-9936|40
220|PROMO-JXPK-5024|35
221|PROMO-VDPA-5272|35
222|PROMO-UWQQ-8408|40
223|PROMO-WDMS-5028|40
224|PROMO-IHSR-4216|15
225|PROMO-RTTV-5856|20
226|PROMO-VPND-6925|45
227|PROMO-EZHC-9494|25
228|PROMO-NAGY-7941|35
229|PROMO-FTAO-0656|20
230|PROMO-FUTA-7416|35
231|PROMO-CQTR-8018|45
232|PROMO-BXTH-4099|50
233|PROMO-WHKW-8192|40
234|PROMO-EAXX-7337|45
235|PROMO-OYWA-1090|50
236|PROMO-HSYI-1419|40
237|PROMO-SHGS-5000|15
238|PROMO-SMEN-9234|20
239|PROMO-EMBW-6786|5
240|PROMO-TLHQ-1842|10
241|PROMO-IEUI-2404|20
242|PROMO-YIYD-3596|35
243|PROMO-FAJJ-7262|20
244|PROMO-LRNH-9465|50
245|PROMO-KXYS-5424|30
246|PROMO-FYDT-9870|25
247|PROMO-VXTV-6936|20
248|PROMO-BVMB-8033|50
249|PROMO-DXTI-9778|20
250|PROMO-RBAV-3333|10
251|PROMO-KMLP-6371|50
252|PROMO-CPOK-3677|20
253|PROMO-XFRB-3959|50
254|PROMO-EDZR-7968|30
255|PROMO-WNZO-8199|20
256|PROMO-LKGE-0060|35
257|PROMO-CLZT-5250|25
258|PROMO-WCKU-2217|20
259|PROMO-OGXV-6891|10
260|PROMO-THLR-8940|45
261|PROMO-YLWK-8059|5
262|PROMO-VNZM-8780|35
263|PROMO-XOES-5850|50
264|PROMO-OQID-1118|15
265|PROMO-ZJPK-6751|40
266|PROMO-SRFV-6220|30
267|PROMO-ZMND-1364|30
268|PROMO-DDWR-7996|20
269|PROMO-WGDY-6091|25
270|PROMO-APAL-6676|5
271|PROMO-XKCG-3634|30
272|PROMO-FEXS-9991|35
273|PROMO-VOMA-9730|15
274|PROMO-LNBI-4925|30
275|PROMO-MMEB-5616|25
276|PROMO-NPXD-0054|5
277|PROMO-PADM-6095|15
278|PROMO-JSMW-7701|40
279|PROMO-EWGH-7421|10
280|PROMO-SMCC-7599|10
281|PROMO-FMZB-7630|45
282|PROMO-XPHM-2361|25
283|PROMO-UBDL-2170|40
284|PROMO-YPGH-0021|20
285|PROMO-BUCJ-6636|40
286|PROMO-ZCMT-9923|30
287|PROMO-TKIG-0035|40
288|PROMO-ENYD-6317|5
289|PROMO-YMTZ-7555|20
290|PROMO-TVWK-8720|50
291|PROMO-MEML-3059|10
292|PROMO-BTYX-4534|30
293|PROMO-LVBU-5488|30
294|PROMO-ACGO-4789|20
295|PROMO-NKHV-5331|15
296|PROMO-FNSI-1136|45
297|PROMO-VAYG-6399|45
298|PROMO-OFMK-7608|45
299|PROMO-VBZV-2634|30
300|PROMO-MSQC-4303|5
301|PROMO-TOOB-6252|5
302|PROMO-OTPD-6813|15
303|PROMO-VIFO-4492|40
304|PROMO-UYPG-3960|15
305|PROMO-VCUG-7485|25
306|PROMO-DCGO-3884|50
307|PROMO-FMYK-9889|30
308|PROMO-CFGG-3489|20
309|PROMO-YABS-1281|25
310|PROMO-GXAY-4607|25
311|PROMO-LKOK-1423|30
312|PROMO-KVWC-4736|20
313|PROMO-UTGE-6248|30
314|PROMO-LIMW-3012|35
315|PROMO-OPIU-8705|20
316|PROMO-JZKR-7598|40
317|PROMO-XAKB-8347|20
318|PROMO-SYSY-9580|25
319|PROMO-JNRK-2376|45
320|PROMO-YZPV-9558|15
321|PROMO-NNXD-8839|25
322|PROMO-AAFZ-4271|50
323|PROMO-KBBZ-4844|10
324|PROMO-TGFM-4095|40
325|PROMO-YZNO-1100|35
326|PROMO-KZUS-6077|45
327|PROMO-KMBX-9857|40
328|PROMO-ESUT-9753|40
329|PROMO-CVKA-4155|40
330|PROMO-CKQP-0372|25
331|PROMO-ORWT-6783|45
332|PROMO-CWPE-5914|35
333|PROMO-DAQT-1199|40
334|PROMO-OHTU-9108|40
335|PROMO-WGEM-7737|20
336|PROMO-HMYN-6038|5
337|PROMO-PYXV-3194|50
338|PROMO-OJVM-3196|25
339|PROMO-RLXK-6388|40
340|PROMO-PBUT-7792|50
341|PROMO-SFIS-8746|40
342|PROMO-KMPX-9336|10
343|PROMO-BYZM-2818|15
344|PROMO-EHWE-9090|20
345|PROMO-YROM-5328|10
346|PROMO-KRCV-7609|50
347|PROMO-MSSH-2550|15
348|PROMO-KRBS-2432|50
349|PROMO-EHNF-2968|35
350|PROMO-VTYP-9588|10
351|PROMO-GNJC-6023|5
352|PROMO-OIFB-0712|50
353|PROMO-XAOB-0600|5
354|PROMO-ATXF-3487|50
355|PROMO-VOJG-4763|20
356|PROMO-QRFH-0967|10
357|PROMO-EPBE-6598|35
358|PROMO-PBKF-7303|20
359|PROMO-BLVH-1627|25
360|PROMO-EBLG-4380|15
361|PROMO-WHGA-1409|15
362|PROMO-RQRN-5968|45
363|PROMO-CXZJ-9341|45
364|PROMO-YPCY-8507|40
365|PROMO-ENHR-5446|40
366|PROMO-YHFK-8990|30
367|PROMO-PHMA-1139|10
368|PROMO-LKGI-6070|20
369|PROMO-FDKK-9074|30
370|PROMO-JEBK-6674|50
371|PROMO-IDVL-4449|50
372|PROMO-PGGA-8118|5
373|PROMO-LDOV-2813|45
374|PROMO-WBHI-5631|30
375|PROMO-BUQW-9733|20
376|PROMO-PFJY-5354|50
377|PROMO-DCZM-1319|20
378|PROMO-GVNQ-5811|20
379|PROMO-ZGCU-7741|50
380|PROMO-VQJL-6999|35
381|PROMO-QNRD-9691|10
382|PROMO-ITKI-9022|40
383|PROMO-SZPZ-5418|15
384|PROMO-VFDZ-7367|35
385|PROMO-CQJH-0161|15
386|PROMO-YJKL-6227|10
387|PROMO-YTAE-3777|10
388|PROMO-IXYH-8357|30
389|PROMO-RREK-7411|40
390|PROMO-AZMW-8832|15
391|PROMO-QFYQ-6057|45
392|PROMO-SGBD-1326|15
393|PROMO-TNVU-8650|50
394|PROMO-RIRM-4430|30
395|PROMO-ORVS-3922|20
396|PROMO-WKRZ-7465|35
397|PROMO-LARY-4213|15
398|PROMO-DYZD-9617|40
399|PROMO-UFQS-0493|50
400|PROMO-JKBK-9512|5
401|PROMO-AXOI-1354|25
402|PROMO-SXUQ-1639|45
403|PROMO-TAXB-4545|30
404|PROMO-SWOU-6165|15
405|PROMO-ABNL-1299|25
406|PROMO-FNNE-4246|15
407|PROMO-LMKX-3303|15
408|PROMO-KSIF-7472|45
409|PROMO-BTZT-0319|25
410|PROMO-NCCA-5014|30
411|PROMO-FJND-2865|10
412|PROMO-FFCA-9476|5
413|PROMO-DOSY-3828|25
414|PROMO-CSMD-1885|20
415|PROMO-DLAG-3905|30
416|PROMO-UMTR-1220|40
417|PROMO-OPGY-2902|35
418|PROMO-LHVK-5232|20
419|PROMO-MSYC-9990|50
420|PROMO-KZPL-6651|15
421|PROMO-CUQV-2192|5
422|PROMO-PUJZ-3171|45
423|PROMO-UKKE-6460|50
424|PROMO-HEQU-7335|35
425|PROMO-SMLL-3793|45
426|PROMO-INYN-6900|15
427|PROMO-SNHL-2174|35
428|PROMO-RGNW-8658|30
429|PROMO-NYGH-9082|20
430|PROMO-DJSL-4379|10
431|PROMO-AXTN-8862|45
432|PROMO-YFRS-2577|50
433|PROMO-FDMG-4118|15
434|PROMO-ACCU-2048|20
435|PROMO-TVDJ-1946|35
436|PROMO-WYJO-1811|25
437|PROMO-OGCK-3345|5
438|PROMO-CODN-6234|30
439|PROMO-WQKI-8675|45
440|PROMO-MGYM-1695|20
441|PROMO-OBFT-9381|5
442|PROMO-AUXV-8798|5
443|PROMO-ENQD-7410|45
444|PROMO-ZPCL-8705|5
445|PROMO-OWSQ-4270|30
446|PROMO-DKBS-0953|15
447|PROMO-AHLG-0081|35
448|PROMO-BMJD-1618|20
449|PROMO-ZSUO-6869|30
450|PROMO-LHFS-7920|5
451|PROMO-CJSN-3872|20
452|PROMO-IBUP-0935|30
453|PROMO-GPWY-4588|15
454|PROMO-TUNA-2329|30
455|PROMO-WRBR-0771|45
456|PROMO-JAXN-9502|15
457|PROMO-DJRC-5059|10
458|PROMO-MCKC-6396|45
459|PROMO-JCVO-3924|10
460|PROMO-LIGC-3289|15
461|PROMO-JTZI-6299|25
462|PROMO-SYKN-6694|30
463|PROMO-SVAD-8100|50
464|PROMO-QTIW-6864|45
465|PROMO-BMWQ-6879|10
466|PROMO-APZI-8644|30
467|PROMO-CAQR-1939|45
468|PROMO-LYZS-4421|40
469|PROMO-BUUI-5887|10
470|PROMO-SEMT-6414|40
471|PROMO-RAUW-6706|40
472|PROMO-FSQC-9454|20
473|PROMO-KPEV-0791|40
474|PROMO-SFCT-7531|35
475|PROMO-TZLH-5457|35
476|PROMO-GOTL-3886|20
477|PROMO-UPAF-3707|50
478|PROMO-ZFOK-7583|5
479|PROMO-NRFY-4293|35
480|PROMO-JWOC-2443|40
481|PROMO-MJAI-2799|35
482|PROMO-BLTC-0193|45
483|PROMO-UYDL-6688|45
484|PROMO-GRHJ-6604|50
485|PROMO-SUYQ-7243|10
486|PROMO-NVUN-2830|15
487|PROMO-KSTJ-1267|20
488|PROMO-EQEQ-2830|30
489|PROMO-YVVD-6070|20
490|PROMO-PKVV-8603|35
491|PROMO-BFWK-5713|40
492|PROMO-FDVL-3938|30
493|PROMO-NBLU-1446|10
494|PROMO-OSYT-3871|20
495|PROMO-GSSU-3988|5
496|PROMO-FGXW-9074|35
497|PROMO-SGCV-5657|40
498|PROMO-LFWA-4606|15
499|PROMO-DLTE-6589|20
500|PROMO-TLTC-3908|15
501|PROMO-JRNI-3368|35
502|PROMO-YPON-6744|50
503|PROMO-CNNJ-2304|25
504|PROMO-EJLF-6267|25
505|PROMO-KYIV-6602|10
506|PROMO-KEOB-2867|30
507|PROMO-LCTK-9782|20
508|PROMO-NLMU-6158|50
509|PROMO-XPBA-7351|35
510|PROMO-OLBA-4958|45
511|PROMO-UFXC-3067|25
512|PROMO-FHVX-3687|35
513|PROMO-WDAY-4528|40
514|PROMO-QZNL-3375|5
515|PROMO-SPTE-6019|25
516|PROMO-ZVAO-4954|5
517|PROMO-GQUX-2772|10
518|PROMO-AEBS-5338|10
519|PROMO-XAUQ-0737|40
520|PROMO-KLAF-3665|40
521|PROMO-QGPE-0959|25
522|PROMO-UQBJ-4275|40
523|PROMO-MLLX-5436|35
524|PROMO-JVEB-7155|25
525|PROMO-RLAE-7216|5
526|PROMO-VHSY-6479|40
527|PROMO-BFWE-7712|20
528|PROMO-TCCD-1665|25
529|PROMO-MITI-7027|30
530|PROMO-POYQ-2409|45
531|PROMO-AFLT-7952|35
532|PROMO-JRZI-9098|25
533|PROMO-KSXG-6289|20
534|PROMO-UION-6862|30
535|PROMO-HLSY-3635|10
536|PROMO-EXPY-1300|35
537|PROMO-FUFR-4581|10
538|PROMO-URMJ-0596|50
539|PROMO-TYHF-0239|15
540|PROMO-RJMI-9345|20
541|PROMO-KAIP-3164|20
542|PROMO-IGAD-7081|5
543|PROMO-YMDD-1177|30
544|PROMO-KKDI-5228|50
545|PROMO-QCAR-5053|30
546|PROMO-YHJX-6097|35
547|PROMO-MVOO-8746|25
548|PROMO-VZZC-0782|10
549|PROMO-NEKY-9875|30
550|PROMO-MTBE-3767|10
551|PROMO-QITI-2279|25
552|PROMO-QSVI-8515|20
553|PROMO-IBVR-1407|40
554|PROMO-YQDO-9090|15
555|PROMO-LOLT-4800|5
556|PROMO-VEGD-7116|30
557|PROMO-OQJP-5167|40
558|PROMO-CAYL-4892|45
559|PROMO-WMCX-0922|40
560|PROMO-CMGM-0651|40
561|PROMO-VGUN-7109|40
562|PROMO-AFFB-3835|30
563|PROMO-WUMK-7770|40
564|PROMO-CELB-1388|50
565|PROMO-FTAU-1023|15
566|PROMO-WNCO-1463|30
567|PROMO-PVVP-7147|30
568|PROMO-OAUG-2783|20
569|PROMO-ASHZ-2814|15
570|PROMO-LDFL-5672|20
571|PROMO-GHPD-2301|5
572|PROMO-VCRH-0072|25
573|PROMO-YGZK-1369|50
574|PROMO-OFDD-6673|45
575|PROMO-GIOS-8299|15
576|PROMO-PYMB-6638|20
577|PROMO-KKAI-1226|45
578|PROMO-ZYJT-1349|40
579|PROMO-GUCZ-9626|10
580|PROMO-LVXI-4372|5
581|PROMO-OYZK-9594|50
582|PROMO-PCIC-4192|20
583|PROMO-XGOF-3425|25
584|PROMO-ERGC-8590|5
585|PROMO-PNGF-6350|40
586|PROMO-KKMP-2860|35
587|PROMO-DHQX-8000|15
588|PROMO-VCTJ-1285|45
589|PROMO-VOAM-5083|35
590|PROMO-YMXH-4513|50
591|PROMO-JTVD-4053|40
592|PROMO-VMPD-9738|15
593|PROMO-ARIM-7876|20
594|PROMO-XOTG-0613|10
595|PROMO-EZLZ-7928|50
596|PROMO-JREM-8306|5
597|PROMO-TAII-0763|5
598|PROMO-TSZQ-9514|5
599|PROMO-MKVT-0258|5
600|PROMO-AKQW-1405|5
601|PROMO-PTXQ-5011|10
602|PROMO-JCOV-0509|10
603|PROMO-IYXP-7086|10
604|PROMO-CFOZ-1016|50
605|PROMO-RVLT-2146|40
606|PROMO-FCMY-0113|35
607|PROMO-VVWO-9786|45
608|PROMO-KGEY-3857|30
609|PROMO-AUOY-3232|30
610|PROMO-HWNX-6980|45
611|PROMO-OKSW-5244|40
612|PROMO-MEJD-3294|10
613|PROMO-FMCC-1880|20
614|PROMO-LEOV-8113|50
615|PROMO-IHWL-9304|40
616|PROMO-UGNN-1523|10
617|PROMO-ONDY-2076|5
618|PROMO-ORUQ-3080|30
619|PROMO-WZFL-1259|20
620|PROMO-BKQX-7364|15
621|PROMO-BLRZ-3258|50
622|PROMO-MUQX-9370|20
623|PROMO-LQFZ-0285|35
624|PROMO-SQKG-3745|30
625|PROMO-VLZT-6853|5
626|PROMO-IEBR-5765|15
627|PROMO-DSCO-1037|30
628|PROMO-GEIE-1047|45
629|PROMO-MSIN-1399|50
630|PROMO-EQUL-8238|5
631|PROMO-NOWC-3022|10
632|PROMO-PLBB-5281|40
633|PROMO-AFLF-5115|45
634|PROMO-YDDX-3266|25
635|PROMO-WNCS-7893|15
636|PROMO-EXRK-3618|15
637|PROMO-UKJP-0702|25
638|PROMO-FNGT-6843|40
639|PROMO-JQVO-2683|35
640|PROMO-EKPL-0508|50
641|PROMO-ZRUX-6912|35
642|PROMO-VTYD-6895|35
643|PROMO-TRXU-1592|20
644|PROMO-JDHG-5107|50
645|PROMO-ERYL-5194|50
646|PROMO-LVAA-3515|10
647|PROMO-ZDCN-0352|15
648|PROMO-EYJM-2530|50
649|PROMO-PIAE-7330|40
650|PROMO-DZCE-6577|5
651|PROMO-VTYR-9692|10
652|PROMO-MGOV-8587|10
653|PROMO-CTFR-5368|20
654|PROMO-FFOC-7266|40
655|PROMO-ASIF-6560|5
656|PROMO-TRXP-9062|30
657|PROMO-VBDV-8173|15
658|PROMO-UKYN-7323|15
659|PROMO-XIRF-3688|50
660|PROMO-AJEJ-8509|15
661|PROMO-CKUN-6832|50
662|PROMO-FNBG-3610|10
663|PROMO-VDLT-2096|45
664|PROMO-OVWZ-7547|45
665|PROMO-RMQK-3823|25
666|PROMO-OUJC-5646|10
667|PROMO-AQIN-8877|20
668|PROMO-MYAP-5861|35
669|PROMO-XVRQ-4920|30
670|PROMO-FWRG-5831|50
671|PROMO-BRNJ-7681|35
672|PROMO-SCON-0036|15
673|PROMO-BRWR-6599|50
674|PROMO-URWA-3433|35
675|PROMO-DTCQ-8279|15
676|PROMO-UARB-3825|10
677|PROMO-MVWW-5769|20
678|PROMO-WRIA-3799|15
679|PROMO-MTSV-7649|25
680|PROMO-WWUV-6325|35
681|PROMO-OEKG-9398|50
682|PROMO-AKQP-9545|25
683|PROMO-DHTS-9261|35
684|PROMO-KHZG-3126|10
685|PROMO-XVRN-3846|45
686|PROMO-LJYL-6513|25
687|PROMO-BRWR-1850|45
688|PROMO-BVMJ-2021|30
689|PROMO-VCRW-3442|40
690|PROMO-WZRA-3780|35
691|PROMO-YSUE-1098|15
692|PROMO-XYFG-5158|25
693|PROMO-GKZE-6521|5
694|PROMO-WXHR-1275|10
695|PROMO-LLMS-9093|30
696|PROMO-ISEI-8728|25
697|PROMO-JQGR-0941|5
698|PROMO-KZEF-7831|45
699|PROMO-IIHL-1589|40
700|PROMO-YCYS-7675|35
701|PROMO-AHYS-1843|20
702|PROMO-EZSY-8646|25
703|PROMO-YOYG-8166|30
704|PROMO-APIS-6791|35
705|PROMO-LNGF-5748|25
706|PROMO-UMOS-6670|15
707|PROMO-WWSA-8859|20
708|PROMO-OAIG-4836|5
709|PROMO-FESY-7592|50
710|PROMO-YKGU-3351|25
711|PROMO-EJVH-6460|20
712|PROMO-MFKU-1828|40
713|PROMO-DMPK-2820|5
714|PROMO-YLDB-7069|40
715|PROMO-ZXTQ-8539|5
716|PROMO-JVZL-3239|45
717|PROMO-CHRA-3298|45
718|PROMO-TNFK-4457|50
719|PROMO-KNFR-1002|10
720|PROMO-CMWJ-4039|15
721|PROMO-PIXI-1812|20
722|PROMO-OTHR-1966|50
723|PROMO-GSSD-7860|40
724|PROMO-XSGH-8445|20
725|PROMO-KTZQ-6868|15
726|PROMO-OANL-8627|40
727|PROMO-QURC-3700|15
728|PROMO-UQOR-5212|30
729|PROMO-IVZJ-1296|40
730|PROMO-ZUDP-2168|45
731|PROMO-MEHC-0603|5
732|PROMO-LIRU-3022|35
733|PROMO-TYUL-5860|20
734|PROMO-UFPQ-5144|30
735|PROMO-HHRZ-5144|10
736|PROMO-URPW-9329|5
737|PROMO-URIF-8814|20
738|PROMO-WQLP-0175|20
739|PROMO-DRBO-2034|5
740|PROMO-GKJH-9047|25
741|PROMO-OLYT-9976|10
742|PROMO-FJBZ-0574|30
743|PROMO-QMLD-7336|30
744|PROMO-SVDF-4722|25
745|PROMO-LQIZ-6986|45
746|PROMO-DXUK-1832|35
747|PROMO-PTXD-0900|40
748|PROMO-AGXJ-4086|20
749|PROMO-HAJP-3821|50
750|PROMO-KNUQ-8990|5
751|PROMO-OUGY-8305|20
752|PROMO-HBQU-0714|40
753|PROMO-QHYE-2095|40
754|PROMO-YFSA-6939|5
755|PROMO-UNZU-5962|5
756|PROMO-EHVO-3428|25
757|PROMO-IJZP-3213|10
758|PROMO-NKGI-2049|35
759|PROMO-SKWB-9865|30
760|PROMO-WEGT-4385|45
761|PROMO-LYOO-1154|25
762|PROMO-ODJU-1487|5
763|PROMO-CSBX-9144|40
764|PROMO-HEPC-0138|10
765|PROMO-PSPP-0924|25
766|PROMO-BPHW-4944|5
767|PROMO-RGCN-7585|10
768|PROMO-GHYS-9255|5
769|PROMO-QRYU-6860|35
770|PROMO-BALH-8306|45
771|PROMO-IBDY-5228|30
772|PROMO-XSBG-8972|5
773|PROMO-KAOY-3404|50
774|PROMO-IIVJ-8058|45
775|PROMO-IBTM-8808|5
776|PROMO-WKSE-5447|15
777|PROMO-ICVI-2010|5
778|PROMO-KGDP-5164|35
779|PROMO-ZTCD-6511|40
780|PROMO-PKJF-7722|25
781|PROMO-OGDE-5724|10
782|PROMO-ZYFP-8942|25
783|PROMO-YVCC-9859|15
784|PROMO-HRIG-4694|20
785|PROMO-KYAV-2452|50
786|PROMO-HCFG-6027|5
787|PROMO-QJWY-6628|30
788|PROMO-BWCQ-4393|50
789|PROMO-ZMSW-7834|20
790|PROMO-VAZO-3317|30
791|PROMO-GBBV-5162|5
792|PROMO-GBSP-1428|10
793|PROMO-BZUP-6090|5
794|PROMO-KOUL-6881|40
795|PROMO-WOJR-0361|45
796|PROMO-TCPW-5836|10
797|PROMO-OAEE-4339|50
798|PROMO-OJJD-0472|20
799|PROMO-LXZT-7969|20
800|PROMO-BKDL-4049|5
801|PROMO-MPJC-3086|15
802|PROMO-IEOR-7337|35
803|PROMO-HCBL-9619|20
804|PROMO-PKLJ-4042|30
805|PROMO-AAIN-9168|40
806|PROMO-NTLA-0655|5
807|PROMO-MBDG-6902|25
808|PROMO-PART-6219|50
809|PROMO-HGDJ-3451|25
810|PROMO-AUGC-0101|5
811|PROMO-XCPO-0148|40
812|PROMO-EJXT-4123|5
813|PROMO-QQEJ-0071|20
814|PROMO-FKWR-3925|10
815|PROMO-DLYG-1594|40
816|PROMO-RBSQ-6541|45
817|PROMO-VAUE-5070|35
818|PROMO-DXGT-8892|45
819|PROMO-GUYA-0548|15
820|PROMO-ZRVO-7188|30
821|PROMO-ZZQC-6618|40
822|PROMO-KIID-8922|15
823|PROMO-BRIZ-8286|15
824|PROMO-TUHH-3070|15
825|PROMO-PJWP-1697|45
826|PROMO-CCKB-6945|25
827|PROMO-OMPA-4244|30
828|PROMO-XECR-2376|25
829|PROMO-CHOC-6755|25
830|PROMO-OKYK-5199|5
831|PROMO-LRXR-8892|5
832|PROMO-MMJA-5305|5
833|PROMO-EYJZ-5351|5
834|PROMO-TUEX-4391|40
835|PROMO-DSXX-3925|40
836|PROMO-GFPQ-5071|50
837|PROMO-FYZY-5669|50
838|PROMO-CYAA-2470|20
839|PROMO-DJMZ-4033|10
840|PROMO-UXQW-8322|25
841|PROMO-XDTF-1920|5
842|PROMO-NMSM-3326|15
843|PROMO-XNQV-7650|35
844|PROMO-HDCW-8092|20
845|PROMO-CUJF-2642|40
846|PROMO-OSWW-0256|35
847|PROMO-ZYKO-3344|40
848|PROMO-WLDO-4776|50
849|PROMO-ZPEH-2553|50
850|PROMO-AZWK-1215|5
851|PROMO-TERW-3982|20
852|PROMO-XCCB-6571|10
853|PROMO-UOQR-5872|25
854|PROMO-GRTY-8780|20
855|PROMO-CGRT-8764|5
856|PROMO-JIQY-8649|15
857|PROMO-IKUZ-2581|25
858|PROMO-KMJF-8333|5
859|PROMO-MEEE-2980|15
860|PROMO-EMGO-5056|15
861|PROMO-NRUR-8478|50
862|PROMO-ABYS-6319|45
863|PROMO-BPNF-4771|5
864|PROMO-ZLAN-9180|50
865|PROMO-GGLE-4484|25
866|PROMO-SKKH-4168|50
867|PROMO-LGOB-1705|5
868|PROMO-JKPX-5161|40
869|PROMO-GFHK-7804|40
870|PROMO-QBFY-0558|5
871|PROMO-MPIG-7606|25
872|PROMO-DZLC-6868|15
873|PROMO-OSXH-1952|40
874|PROMO-NJWU-5064|15
875|PROMO-VTLB-0431|5
876|PROMO-HXGJ-3508|40
877|PROMO-YSFT-0514|45
878|PROMO-MBLO-4015|30
879|PROMO-TGDX-2066|50
880|PROMO-GDTY-3721|20
881|PROMO-ESYV-1918|10
882|PROMO-WPPY-2279|45
883|PROMO-BPUS-8612|40
884|PROMO-HJHO-5173|30
885|PROMO-LMPR-1912|10
886|PROMO-SLVZ-6092|40
887|PROMO-JCXQ-0935|30
888|PROMO-DWZH-2171|40
889|PROMO-LZQB-5085|30
890|PROMO-KJCN-8185|45
891|PROMO-EIPD-3290|45
892|PROMO-OZHS-2184|20
893|PROMO-EMIY-6993|50
894|PROMO-KJCJ-8139|10
895|PROMO-GHSA-0647|50
896|PROMO-GRAF-9865|45
897|PROMO-AJNN-7592|40
898|PROMO-XVBH-5520|30
899|PROMO-BHCZ-6153|10
900|PROMO-UHBM-2732|15
901|PROMO-HRAW-0410|15
902|PROMO-KPRU-0554|15
903|PROMO-HFKF-6541|25
904|PROMO-IGFG-2593|40
905|PROMO-HDLR-8107|35
906|PROMO-GFTK-1292|30
907|PROMO-DYXS-1532|10
908|PROMO-UQUZ-2016|35
909|PROMO-RMUO-4903|40
910|PROMO-KNMS-6722|30
911|PROMO-NIOE-3738|10
912|PROMO-KGTK-0146|40
913|PROMO-KURS-9548|45
914|PROMO-DQVS-0986|50
915|PROMO-JLGG-3710|40
916|PROMO-OKRY-1947|45
917|PROMO-KKAD-2635|25
918|PROMO-FPUB-1441|45
919|PROMO-UMDG-8699|5
920|PROMO-PVCY-8446|35
921|PROMO-RLIR-3266|15
922|PROMO-DCPV-1764|40
923|PROMO-TEBV-9612|5
924|PROMO-UAUR-3765|5
925|PROMO-PCHL-4125|40
926|PROMO-HFRF-9889|35
927|PROMO-JAZV-9927|20
928|PROMO-KOVV-5525|35
929|PROMO-RIZS-1471|10
930|PROMO-IEWQ-4184|15
931|PROMO-XVCW-1323|5
932|PROMO-YCZQ-7490|5
933|PROMO-HYEV-5058|20
934|PROMO-SFHV-5791|15
935|PROMO-RXAF-4167|25
936|PROMO-JABW-6664|10
937|PROMO-NBCK-1271|40
938|PROMO-ZYLN-3640|10
939|PROMO-WNIL-5206|15
940|PROMO-ZLLS-5363|20
941|PROMO-SNQB-1610|45
942|PROMO-IJNW-4892|50
943|PROMO-PEEY-1463|15
944|PROMO-JVVK-3956|30
945|PROMO-GGUA-9887|35
946|PROMO-SQEQ-1427|5
947|PROMO-NGSN-0418|45
948|PROMO-BFHI-5225|10
949|PROMO-ALMU-3668|20
950|PROMO-DOLA-9719|50
951|PROMO-YDDZ-5590|30
952|PROMO-RNIH-1748|15
953|PROMO-OUYX-3469|10
954|PROMO-QGZB-2449|10
955|PROMO-CKCV-9308|45
956|PROMO-RPOM-3719|45
957|PROMO-LQOC-7894|50
958|PROMO-KVNN-1795|25
959|PROMO-LJCA-6237|10
960|PROMO-FBGU-6912|35
961|PROMO-WNHF-6833|45
962|PROMO-CDMY-6449|30
963|PROMO-FJLK-2375|10
964|PROMO-GOTT-7747|40
965|PROMO-NFQE-8750|15
966|PROMO-KGLH-8710|35
967|PROMO-KTDI-7230|5
968|PROMO-XNQW-5281|35
969|PROMO-RXHM-5229|15
970|PROMO-VIQS-0161|10
971|PROMO-XEGY-5745|10
972|PROMO-MYAD-0554|25
973|PROMO-UFNS-1781|45
974|PROMO-NRSD-9636|40
975|PROMO-SXUM-1514|15
976|PROMO-VFIW-5903|25
977|PROMO-DRQF-6659|45
978|PROMO-KEWX-5607|50
979|PROMO-UIOJ-2855|35
980|PROMO-JBIF-2993|30
981|PROMO-AEHM-2040|50
982|PROMO-SSMZ-3448|10
983|PROMO-GZPJ-4169|25
984|PROMO-KEBR-8234|5
985|PROMO-YJGH-7912|35
986|PROMO-BYJL-0480|25
987|PROMO-COLM-6002|25
988|PROMO-XXOJ-8547|10
989|PROMO-ZVAU-7642|10
990|PROMO-LRQY-1689|50
991|PROMO-RMFX-7171|5
992|PROMO-EMRF-9059|15
993|PROMO-YKOY-6622|50
994|PROMO-VPNK-3239|35
995|PROMO-XKFG-1333|30
996|PROMO-NZRA-6483|25
997|PROMO-APVH-1896|15
998|PROMO-QAMX-0021|45
999|PROMO-CMDY-4497|5
1000|PROMO-MKES-8897|40
