WorkerID|Name|Surname|DateOfBirth|PhoneNumber|Email|Gender|PESEL|JobTitle|CompanyID
901|Kenneth|Woods|1982-04-17|991970839|austinbarrett@example.net|M|77172032458|Barber|1
902|Laurie|Crawford|1964-06-26|717469826|millerpaul@example.com|F|96797650868|Barber|2
903|David|Williams|1985-09-11|697578363|vanessa94@example.net|F|57134846356|Therapist|31
904|Janice|Bean|1996-05-16|433796703|allen26@example.org|M|37891074033|Therapist|33
905|Stephen|Burgess|2004-08-06|356069658|clynn@example.net|M|94902694930|Beautician|61
906|Jo|Campbell|1996-10-19|242401906|brendansingleton@example.net|M|10591060025|Beautician|66
907|Jacqueline|Cortez|1964-08-02|244163881|jackhurley@example.com|F|35517955465|Aesthetician|91
908|Ralph|Knapp|1995-08-09|538727917|herreratyler@example.com|F|38625954116|Aesthetician|99
909|Brian|Bryan|2003-01-26|369004307|chadrobertson@example.com|M|58673544685|Aesthetician|120
910|Jenny|Strickland|1982-02-04|112973896|ecabrera@example.com|F|16351338729|Personal Trainer|121
911|John|Barrett|1958-11-04|461130195|warnerryan@example.org|F|03220218387|Dentist|151
912|Michelle|Nguyen|2003-10-29|793512007|elizabeth02@example.com|F|42695902833|Dentist|152
913|Derek|Berger|1967-06-02|744478399|michelle87@example.org|M|15514555166|Counselor|181
914|Christopher|Watson|1958-07-28|761900017|sabrina55@example.net|M|24396751476|Counselor|185
915|Michael|Norris|2005-03-07|037046428|starkjennifer@example.com|M|25345192090|Tutor|211
916|Andrew|Sawyer|1960-12-27|712691597|garciasara@example.com|F|24674891448|Tutor|217
917|Sara|Thompson|1973-06-16|936018079|spearsbrittany@example.org|F|81846008246|Photographer|241
918|Jack|Fisher|1992-04-30|484983918|jonestyler@example.net|M|77022249419|Photographer|248
919|Anita|Henry|1962-06-02|081609739|ctyler@example.org|M|38513694431|Cleaner|271
920|Craig|Blevins|1959-06-17|899113524|martinezandrew@example.org|F|79787487767|Cleaner|273
1|Mary|Clements|1984-03-17|405360261|eaguilar@example.org|M|17859172331|Barber|1
2|Marc|Alvarez|2002-11-22|060545385|hendersonbetty@example.net|M|97300372435|Barber|1
3|Edward|Warren|1996-06-21|935783687|lisasimpson@example.org|F|29858340524|Barber|1
4|Angela|Rich|1986-03-15|915870105|harrisonnicole@example.com|M|71227468585|Barber|2
5|Christopher|Smith|1970-08-31|642643604|adriankoch@example.org|M|13436588780|Barber|2
6|Jill|Clark|1975-08-20|829485950|yvonnejohnson@example.com|M|02275178984|Barber|2
7|Thomas|Garcia|2004-04-16|991591938|finleyhoward@example.net|M|47347276229|Barber|3
8|Daniel|Deleon|1975-12-18|878109676|kellygarrett@example.org|F|04799580061|Barber|3
9|Amanda|Mcdaniel|1995-09-07|181872180|joshua85@example.net|F|91252402602|Barber|3
10|Jennifer|Sellers|1998-05-28|061471018|benjaminhoward@example.org|F|09990752396|Barber|4
11|Alyssa|Ramsey|1971-10-25|788137506|hallpamela@example.com|F|83326264587|Barber|4
12|Cheyenne|Jones|1985-06-24|239842887|andrea57@example.org|M|76111309518|Barber|4
13|Shirley|Welch|1972-09-03|146126560|gthompson@example.org|M|06417112163|Barber|5
14|Meghan|Miller|2005-04-01|328481170|kevinlopez@example.org|M|41132249834|Barber|5
15|Timothy|Fisher|1991-01-06|199252620|lynchtammy@example.com|F|21788710229|Barber|5
16|Ronald|Jimenez|1988-03-18|747331300|farmerjonathon@example.com|M|57807294520|Barber|6
17|George|Ramirez|1994-12-23|198806017|pvillarreal@example.net|F|07137340644|Barber|6
18|Brianna|Morrison|1983-06-01|549782582|georgerivera@example.com|F|67130386821|Barber|6
19|Stephanie|Gonzales|1987-08-24|492778951|cmorris@example.net|F|37454819836|Barber|7
20|Sarah|Phillips|1985-12-04|827363059|sabrinalarsen@example.org|F|13166785766|Barber|7
21|Brenda|Smith|1977-12-16|992831249|mcconnellmary@example.net|M|81887759651|Barber|7
22|John|Terry|1976-03-11|867512566|amy03@example.net|F|58790936922|Barber|8
23|Andrew|Murray|1999-03-11|284407050|kimberly91@example.org|F|76822013248|Barber|8
24|Grant|Robinson|1989-08-10|665853529|randallhodge@example.org|F|50114008382|Barber|8
25|James|Schmitt|1969-05-07|637612153|michelle15@example.org|M|11838405753|Barber|9
26|Melissa|Moore|2004-03-20|731656683|ramirezangela@example.com|F|00451337958|Barber|9
27|Marcia|Shaw|1985-06-26|516956810|ronaldrush@example.com|F|39537508130|Barber|9
28|Patricia|Foster|1980-12-20|505567044|martinezmitchell@example.net|M|00449361400|Barber|10
29|Jason|Calderon|1998-01-05|450609681|michael91@example.com|F|63498281895|Barber|10
30|Kristen|Foster|1976-09-13|556660576|skelley@example.net|M|98107570209|Barber|10
31|Brady|Patterson|1978-07-08|942511675|melissa74@example.com|M|96126339807|Barber|11
32|Robert|Byrd|1999-04-20|796973800|juan60@example.com|M|85790736731|Barber|11
33|Sandra|Hubbard|1996-06-14|137050870|munozbarbara@example.org|M|62030423044|Barber|11
34|John|Simmons|1990-10-30|784357417|hevans@example.org|M|61956940296|Barber|12
35|Charles|Hall|1993-02-20|825484540|phillipsariel@example.org|M|86498916663|Barber|12
36|Emily|Roberts|2004-07-15|262017400|jennifer29@example.com|F|17298461506|Barber|12
37|Ellen|Taylor|1990-10-24|916164633|nortonthomas@example.com|F|75456207403|Barber|13
38|Ashley|Taylor|1976-04-13|707603028|heatherwalsh@example.org|F|79653368009|Barber|13
39|Cynthia|King|1980-03-14|517682543|michaelsanchez@example.net|F|83295242628|Barber|13
40|Nathan|Fry|1987-03-31|730653140|wheelernichole@example.com|M|70480008619|Barber|14
41|Joseph|Carter|1978-05-13|066247212|zcampbell@example.com|F|35232174194|Barber|14
42|Ashley|Jones|1973-01-01|690102231|sarah47@example.org|F|29375866804|Barber|14
43|David|Mitchell|1969-04-13|977966211|copelandsean@example.com|F|78827955144|Barber|15
44|Melissa|Carroll|1983-12-04|335766023|rmatthews@example.net|M|74525057012|Barber|15
45|Andrew|Salazar|1972-09-05|480045892|brian85@example.org|F|61949858315|Barber|15
46|Shane|Perry|1990-05-11|569958847|larry96@example.org|M|52023040451|Barber|16
47|Kyle|Moran|1992-02-11|133011092|ariana67@example.org|F|57630839517|Barber|16
48|Pamela|Mata|1964-10-10|950315695|deanwright@example.org|F|41267657816|Barber|16
49|Timothy|Joseph|1999-07-23|791625673|jenglish@example.org|F|73116284867|Barber|17
50|April|Taylor|2000-04-25|679601526|hernandezjoshua@example.com|M|19778109610|Barber|17
51|Kerri|Arroyo|2001-04-26|333150006|ghughes@example.net|F|83812966432|Barber|17
52|Dana|Vaughan|1962-02-18|997656539|hjohnson@example.org|F|69189640729|Barber|18
53|Erica|Lopez|2000-01-26|170212604|brandonharris@example.com|F|20047986583|Barber|18
54|Katie|Vargas|2002-07-26|304214602|gaychristy@example.org|F|69731413471|Barber|18
55|David|Rodgers|1965-03-06|958078355|cassandra34@example.net|F|54427601856|Barber|19
56|Heather|Davis|1977-11-20|946213980|shannoncarey@example.org|F|90009372556|Barber|19
57|Ashley|Thompson|1989-09-17|101087804|gibsonjennifer@example.org|F|35951155034|Barber|19
58|Kathleen|Carey|1999-05-08|118154989|qsnyder@example.com|M|62741013116|Barber|20
59|Luis|Alexander|1959-06-03|785469762|schwartzrebecca@example.org|F|99285959097|Barber|20
60|Stephanie|Gomez|1974-10-05|845945510|leahdavis@example.net|F|50436594417|Barber|20
61|James|Lewis|1989-07-01|394333869|pamelagomez@example.com|M|32619121872|Barber|21
62|Frederick|Miller|1990-02-10|952373142|andreapatterson@example.net|M|40421061604|Barber|21
63|Danielle|Lucas|1983-04-28|256369514|qcross@example.com|F|82165852026|Barber|21
64|Steven|Gardner|1989-11-14|606998353|stacy30@example.net|F|58958065068|Barber|22
65|Jesse|Davis|1977-02-21|455160156|hallricardo@example.net|M|20067656493|Barber|22
66|Lori|Rivas|1961-01-16|205962019|alexanderdavis@example.net|F|19196110860|Barber|22
67|Danielle|Reyes|2005-09-12|637310775|kevinrobinson@example.net|M|23596903196|Barber|23
68|Elizabeth|Banks|1995-08-14|905258628|katkins@example.net|M|79192049159|Barber|23
69|Brandon|Scott|1985-11-21|743207764|hendersonkevin@example.net|M|11370591519|Barber|23
70|Briana|Fry|1975-06-29|811842448|rachelcook@example.com|M|64357477571|Barber|24
71|Robert|Parks|1994-02-09|608346293|carriecollins@example.com|M|95547544313|Barber|24
72|Russell|Jones|1992-09-09|225448840|newtonapril@example.net|M|04802637328|Barber|24
73|David|Tran|1981-08-24|379785647|matthewwilliams@example.com|M|79516125959|Barber|25
74|Colleen|Liu|1981-11-04|740521742|wrightmatthew@example.net|M|00029265295|Barber|25
75|Dawn|Ayers|1985-02-17|827459648|nicholasgrant@example.com|F|61700973899|Barber|25
76|Karen|Porter|1966-01-27|839157186|brookegutierrez@example.com|M|23536785782|Barber|26
77|Virginia|Nielsen|1970-10-01|088408801|johnharris@example.net|F|84607516655|Barber|26
78|Seth|Marshall|1982-04-08|435187725|rwells@example.com|M|84951721890|Barber|26
79|Cynthia|Stokes|1989-08-16|596837390|tamarabrown@example.org|F|60643236436|Barber|27
80|Crystal|Harris|1979-03-31|023496151|lindseyelizabeth@example.net|M|20365494478|Barber|27
81|Kaitlyn|Adams|1966-11-03|032495061|nferguson@example.net|M|68580314898|Barber|27
82|Mark|Smith|1972-07-18|580171599|bookerpamela@example.org|F|32365887965|Barber|28
83|Michael|David|1974-07-08|971583248|sarah96@example.net|M|33306051085|Barber|28
84|Kevin|Mason|1977-08-06|744360879|dudleysabrina@example.net|M|52515771873|Barber|28
85|Traci|Chang|1961-11-18|488243835|agarza@example.org|F|13934894049|Barber|29
86|Thomas|Byrd|2001-05-27|971758504|freydaniel@example.org|M|62415075352|Barber|29
87|Robert|Cuevas|1993-11-19|982470432|leeluis@example.com|M|00601276863|Barber|29
88|Elizabeth|Wallace|1972-05-22|829190282|jacquelinegibson@example.org|F|77606957230|Barber|30
89|James|Jordan|1996-06-06|897932196|droth@example.org|M|97063790175|Barber|30
90|Joshua|Vargas|1964-01-29|782696201|amarquez@example.org|M|01758227120|Barber|30
91|Sarah|Pearson|2004-11-24|489564225|erica95@example.net|F|95663255049|Therapist|31
92|David|Welch|1996-09-13|079011161|kkelley@example.net|F|86535031398|Therapist|31
93|Michael|Lee|1992-06-19|477374663|jennifer84@example.com|F|50597127124|Therapist|31
94|Anthony|Holmes|1975-08-20|999394855|alexis41@example.com|M|12242643639|Therapist|32
95|Brittany|Collins|1992-09-17|449532174|bgordon@example.com|M|21106909598|Therapist|32
96|Casey|Benson|1992-09-07|013072279|mark26@example.org|F|44817794006|Therapist|32
97|Anthony|Ramirez|1976-03-26|401015172|richardsoncarol@example.org|F|31005048944|Therapist|33
98|Mark|Nguyen|1969-09-16|785710335|brandon85@example.net|F|78663476945|Therapist|33
99|Brent|Hernandez|1983-03-08|058035752|jason67@example.net|F|76760332518|Therapist|33
100|Clinton|Ruiz|1977-06-28|538886965|graykeith@example.net|M|74786689427|Therapist|34
101|Jasmine|Kim|1964-03-28|233097925|calhoundennis@example.com|F|16458418667|Therapist|34
102|Kevin|Martinez|1992-06-01|196157105|karenmiles@example.org|M|99317912424|Therapist|34
103|Kimberly|Washington|1970-01-15|381044587|russotimothy@example.com|F|87073254925|Therapist|35
104|Vicki|Jones|1974-10-11|612920838|ramirezholly@example.com|M|66990176207|Therapist|35
105|Kelli|Hernandez|1989-10-25|965632608|dlawson@example.com|F|84844210167|Therapist|35
106|Laura|Ferguson|1970-11-13|039865268|fwilliams@example.net|M|74461307735|Therapist|36
107|Brittany|Marshall|1966-01-13|070128063|emily70@example.org|M|22113922847|Therapist|36
108|Aaron|Adams|1963-07-31|072231778|ymontes@example.com|M|17130620404|Therapist|36
109|Brittany|Byrd|1987-11-12|152039332|speters@example.net|M|88808620069|Therapist|37
110|Laura|Fletcher|2003-05-15|358749122|christina55@example.org|F|06484376808|Therapist|37
111|Emily|Blankenship|1976-10-03|020316129|bhernandez@example.org|F|21717965528|Therapist|37
112|Dana|Ross|1996-02-25|422481517|jhall@example.org|F|88268679717|Therapist|38
113|Scott|Rogers|1996-07-06|024372732|adamsmith@example.org|M|95744419652|Therapist|38
114|Ryan|Taylor|1985-03-29|876831415|tyler43@example.com|F|35251699312|Therapist|38
115|Tammie|Roberts|1988-01-19|759542809|qcarroll@example.org|F|74982641391|Therapist|39
116|Jose|Woodward|1980-11-21|988741772|ekim@example.net|F|95713582112|Therapist|39
117|Sonya|Parks|1966-11-13|960998674|thomas96@example.org|M|58171244498|Therapist|39
118|Jacqueline|Myers|1960-11-20|516729277|marissa44@example.net|F|68736088200|Therapist|40
119|Elizabeth|Bowman|1973-02-08|477338589|joshua86@example.org|F|75244677360|Therapist|40
120|Joy|Pittman|1970-01-11|510436183|tracysheppard@example.com|F|39916595021|Therapist|40
121|Margaret|Scott|1987-09-16|672745255|gali@example.org|F|20548972099|Therapist|41
122|Steven|Swanson|1999-06-09|655568624|leecaleb@example.com|F|23196532474|Therapist|41
123|Bruce|Hanson|1994-07-25|669365795|medinapatrick@example.com|M|17280722534|Therapist|41
124|Joseph|Barnes|1966-09-20|531337929|erika02@example.com|F|42288816141|Therapist|42
125|John|Smith|1960-08-25|194462734|mwilliams@example.net|M|78914266761|Therapist|42
126|Johnny|Roberts|1969-01-31|059655718|lproctor@example.com|F|07941632649|Therapist|42
127|Arthur|King|2000-06-27|123588188|craigwood@example.org|F|52678551854|Therapist|43
128|James|Jensen|1985-07-28|232420207|millschad@example.com|F|53422108007|Therapist|43
129|Mary|Gaines|1958-12-13|130735272|james18@example.net|M|15836561342|Therapist|43
130|Michelle|Wagner|1972-07-07|208212370|david93@example.com|F|93075319153|Therapist|44
131|Judy|Murray|1966-12-24|356048153|alex33@example.com|F|89606300530|Therapist|44
132|Eddie|Moore|2002-06-22|120718382|cynthiaday@example.net|F|19062222257|Therapist|44
133|Erica|Lopez|1985-04-03|801177641|anthony16@example.com|F|60638569425|Therapist|45
134|Kimberly|Cruz|1994-01-24|283900564|xstrickland@example.net|F|32595228825|Therapist|45
135|Cassandra|Smith|1962-03-17|125147815|jeffreyball@example.com|F|02588751381|Therapist|45
136|Tyler|Thomas|1970-05-01|462889600|valerieflores@example.com|M|43286083267|Therapist|46
137|Dennis|Gonzales|2006-01-10|130082899|aprilbrown@example.org|F|42086349372|Therapist|46
138|Tanya|Reeves|2000-04-26|404973372|carpenterrick@example.org|M|56235426413|Therapist|46
139|Evan|Anderson|1993-06-27|865693384|kristentodd@example.net|F|34895024747|Therapist|47
140|Lisa|Alexander|1974-10-06|351355959|nixonmichael@example.org|M|94304428491|Therapist|47
141|Jessica|Stewart|1997-11-18|485127914|nicholas81@example.net|M|11722036684|Therapist|47
142|Kathryn|Finley|1974-05-26|230961702|toddwhite@example.org|M|35392904813|Therapist|48
143|Christopher|Conley|1974-11-02|162777353|christopher42@example.net|M|98904505094|Therapist|48
144|Michelle|Cruz|1994-04-12|520123604|kellydana@example.com|F|64206136065|Therapist|48
145|Daniel|Golden|2003-06-12|267352833|donnajohnson@example.net|M|85586731752|Therapist|49
146|Kevin|Tyler|1990-02-13|829041162|jacqueline86@example.com|M|34697844498|Therapist|49
147|Shannon|Cox|1965-09-01|237728896|rpeters@example.com|F|60302326807|Therapist|49
148|Robert|Weber|1963-08-28|677136144|ccoleman@example.com|F|01414328782|Therapist|50
149|Brittany|Adkins|1992-11-17|511913670|jadams@example.org|M|97990130224|Therapist|50
150|Anthony|Smith|1960-04-28|366430459|nhopkins@example.com|M|34371620574|Therapist|50
151|Deborah|Nunez|1997-01-08|459560215|kimberly22@example.net|M|02384886260|Therapist|51
152|Larry|Cox|1973-06-21|095316285|sydneytaylor@example.com|M|73216850848|Therapist|51
153|Mark|Delgado|1966-12-14|139616633|william42@example.org|F|03845460593|Therapist|51
154|Scott|Barnes|1992-06-17|792633501|michelle19@example.net|F|14432717805|Therapist|52
155|Janet|Wolfe|1961-01-10|060268934|hallaaron@example.org|M|51184710968|Therapist|52
156|Russell|Johnson|1994-03-23|201721412|ivaughan@example.com|M|38923686508|Therapist|52
157|Kevin|Mora|1988-07-10|814202124|richard57@example.org|F|32688179922|Therapist|53
158|Lisa|Jacobson|1980-07-07|337928300|cnelson@example.org|F|10798932352|Therapist|53
159|Cynthia|Green|1971-04-10|590076399|hornejulia@example.net|M|36241480859|Therapist|53
160|Donald|Hale|2000-06-08|754280662|andrewlopez@example.net|F|52758965614|Therapist|54
161|Calvin|Jones|2005-04-21|300602620|lchang@example.com|F|08261201084|Therapist|54
162|Laura|Powers|1989-08-17|834620764|edwardskathryn@example.com|M|30660754815|Therapist|54
163|Dennis|Mcdowell|1989-09-29|608263840|jenkinskatie@example.com|M|11028666715|Therapist|55
164|Lindsey|Wolfe|1970-02-04|773124525|klindsey@example.net|F|84689922045|Therapist|55
165|Madison|Best|1976-04-19|100047974|tapiaricky@example.com|F|56694467881|Therapist|55
166|Darryl|Adams|1990-02-24|722152217|fgriffith@example.com|F|35305265222|Therapist|56
167|Stacy|Robertson|1962-05-30|572807410|ecoleman@example.com|M|03218560131|Therapist|56
168|Joseph|Ferguson|1988-03-17|837532778|bellchristina@example.net|F|69338758466|Therapist|56
169|Donald|Brown|1963-10-18|656323161|robertnavarro@example.org|F|92443520851|Therapist|57
170|William|Jenkins|1972-11-22|455101338|fgilbert@example.com|F|42803689034|Therapist|57
171|Deborah|Washington|1990-06-02|767852733|kimoconnor@example.org|M|57272108894|Therapist|57
172|Julie|Martinez|1983-05-27|723394491|djacobs@example.net|F|04604709547|Therapist|58
173|Caitlin|Harrison|1983-06-19|305806802|kaylawhite@example.org|M|14698919643|Therapist|58
174|Laura|Day|1983-08-28|975959217|fpeterson@example.net|F|44102573695|Therapist|58
175|Maureen|Hicks|1994-11-23|323318252|boltonlindsey@example.net|F|44137063403|Therapist|59
176|Elizabeth|Neal|1981-12-24|786740351|neil25@example.com|M|12996795388|Therapist|59
177|John|Chen|1962-01-05|910228696|sarahmoore@example.com|M|68325380097|Therapist|59
178|Lori|Anderson|1971-05-26|029504176|tunderwood@example.org|M|87112083588|Therapist|60
179|Jeffrey|Gonzalez|1977-10-20|145130348|rperez@example.com|M|93950944196|Therapist|60
180|Nathan|Ross|1971-01-01|402044823|harrisjennifer@example.org|M|90617389087|Therapist|60
181|Barry|Elliott|1978-07-24|594034332|wanda96@example.net|M|46914169752|Beautician|61
182|Steven|Todd|1986-11-30|870055698|nperez@example.net|F|94152155797|Beautician|61
183|Alyssa|Williams|1975-07-20|087728453|joshua65@example.net|F|98798553345|Beautician|61
184|George|Robles|1987-09-27|171204623|hmoore@example.org|F|90799995670|Beautician|62
185|Ronald|Turner|1964-07-17|219202732|rebecca70@example.net|M|49093715415|Beautician|62
186|Angel|Montgomery|1988-03-04|742846463|reyesmichelle@example.org|M|29214193521|Beautician|62
187|Kenneth|Pennington|1996-05-22|298219053|kellyperez@example.org|M|31346309750|Beautician|63
188|Francisco|Stout|1961-01-04|490604388|smithjacqueline@example.org|F|89540013453|Beautician|63
189|Billy|Hansen|1995-08-14|712930652|ellenjones@example.net|F|71895750626|Beautician|63
190|Mark|Young|1966-11-10|693308591|ablack@example.net|F|50775217733|Beautician|64
191|Marc|Weiss|1966-11-05|252627048|russellsandoval@example.org|F|67611980224|Beautician|64
192|Katelyn|Davis|1969-01-26|227195616|miranda21@example.net|M|85746756840|Beautician|64
193|Nicole|Frost|2001-01-09|928901877|elizabeth67@example.net|M|72419579876|Beautician|65
194|Wendy|Beard|1982-03-20|339199670|williamedwards@example.net|F|96919155239|Beautician|65
195|Juan|Hahn|1990-05-08|669930740|susan32@example.org|F|31490757008|Beautician|65
196|Melanie|Martinez|1999-11-05|479277086|woodsamanda@example.net|M|11466905064|Beautician|66
197|Christopher|Villanueva|1959-12-06|758521561|toddwilliams@example.net|M|17389022272|Beautician|66
198|Rebecca|Martin|1970-07-17|838730155|janicewilliams@example.com|F|20028877465|Beautician|66
199|Christian|Knight|1969-11-21|038631334|brenda93@example.net|F|78130989767|Beautician|67
200|Mary|Miller|2004-12-02|359353078|vparker@example.com|F|27228352271|Beautician|67
201|Chelsea|Davidson|1983-09-11|140561520|sreeves@example.com|M|12612583024|Beautician|67
202|William|Sandoval|1975-01-02|080685368|zthomas@example.org|M|17881469217|Beautician|68
203|Charles|Bailey|1975-09-01|703277331|lorettasparks@example.org|M|49594891643|Beautician|68
204|Jessica|Keller|1960-07-25|242385524|melissa17@example.com|F|30346412469|Beautician|68
205|Jon|Norman|1962-11-12|418252838|tsteele@example.com|F|15182529932|Beautician|69
206|Wendy|Mills|2000-07-02|690526159|stephanie65@example.net|F|48936351948|Beautician|69
207|Jill|Hutchinson|1998-03-25|150360530|srobbins@example.com|F|45478222081|Beautician|69
208|Julian|Sanders|1976-07-12|078534019|timothycook@example.net|M|70899011128|Beautician|70
209|Ashley|Kelley|1979-01-22|851889207|hernandeztroy@example.org|F|67749886456|Beautician|70
210|Jonathan|Meyers|1970-11-23|681681367|robert17@example.com|M|63063441908|Beautician|70
211|Doris|Smith|1995-10-12|611897644|xchristensen@example.com|M|14392349244|Beautician|71
212|Tiffany|Martinez|1958-03-25|967611412|larabenjamin@example.org|F|10197265872|Beautician|71
213|Mallory|Johnson|1961-04-05|043291389|ofriedman@example.com|M|18896385246|Beautician|71
214|Claire|Allen|1968-01-12|579654256|dixonjody@example.org|F|11247171017|Beautician|72
215|Jennifer|Miles|1958-05-08|171772826|justin52@example.org|F|43679898080|Beautician|72
216|Jeremy|Young|1999-08-14|164162854|grimespatricia@example.net|M|27358578259|Beautician|72
217|Christine|Owens|1998-03-26|514983190|charles91@example.net|F|02789782407|Beautician|73
218|Bryan|Ryan|1989-08-04|112026440|walvarez@example.net|M|72652043327|Beautician|73
219|Alexandra|Smith|1997-12-20|489252020|oreed@example.com|F|15780280906|Beautician|73
220|Thomas|Armstrong|2003-09-18|308634984|kaylacalderon@example.net|F|30000922014|Beautician|74
221|Justin|Lee|1971-09-02|658783753|ian99@example.org|F|00727246687|Beautician|74
222|Nicole|Young|1998-04-03|392977357|loricortez@example.com|M|82996891162|Beautician|74
223|Jose|Dunlap|2003-03-15|782156621|steven67@example.org|F|18023035615|Beautician|75
224|Amanda|Gray|1968-12-22|552164432|melissa40@example.net|M|20711433341|Beautician|75
225|Juan|Salinas|1966-04-23|645201547|emoore@example.org|M|32633340889|Beautician|75
226|Steven|Matthews|1984-05-24|697001084|geraldwilliams@example.org|F|92066270684|Beautician|76
227|Jessica|Mendoza|1990-03-01|845619711|beverly06@example.org|F|67399063393|Beautician|76
228|Jessica|Sharp|1980-05-07|724444771|vanessataylor@example.org|F|10690492143|Beautician|76
229|Joel|Monroe|1987-02-26|783680191|malik82@example.com|F|90957856295|Beautician|77
230|Mary|Jennings|1993-06-06|139678467|gphillips@example.org|M|11965331617|Beautician|77
231|Jose|Allen|1960-04-01|765839945|amanda95@example.net|M|32131644035|Beautician|77
232|Gregory|Sanders|1973-07-19|808214740|krystalwu@example.org|F|61639964382|Beautician|78
233|Lindsay|Campbell|1973-07-29|025247254|nmcdonald@example.com|M|88372505574|Beautician|78
234|Todd|May|1975-08-05|047060860|qgibson@example.org|M|67946093474|Beautician|78
235|Michael|Berry|1960-05-12|317463834|tmorales@example.org|M|06602595389|Beautician|79
236|Charlene|Paul|1991-10-08|958025402|danielleirwin@example.com|M|22816203786|Beautician|79
237|Brittney|Frederick|1996-06-21|859749370|stephen06@example.net|M|88499906862|Beautician|79
238|Ashley|Thornton|2003-03-17|507141481|mcclureandrew@example.org|M|63274025719|Beautician|80
239|Cassandra|Galvan|1990-03-08|061782114|kelly20@example.org|F|02944224396|Beautician|80
240|Eddie|Stanley|1961-11-15|631536096|amoses@example.org|M|27527230389|Beautician|80
241|Ryan|Fuller|1981-03-21|108305695|thompsonshelley@example.org|M|86507189662|Beautician|81
242|Lawrence|Taylor|1968-07-07|336061171|doylesean@example.org|M|52622212143|Beautician|81
243|Megan|Bailey|1987-08-02|361526449|theresawolf@example.org|F|10598303252|Beautician|81
244|James|Chavez|1999-10-21|859171785|robert30@example.net|M|50522127793|Beautician|82
245|Aaron|Moore|1964-09-01|050080528|cameron48@example.com|F|85994467255|Beautician|82
246|Grace|Bates|1978-07-31|376194226|frederick17@example.com|M|78343853248|Beautician|82
247|Nathan|Castillo|1998-08-03|431742857|dylanpena@example.com|M|84009085754|Beautician|83
248|Emily|Bishop|1971-07-11|977263418|zcook@example.org|M|13940032671|Beautician|83
249|Jackie|Owens|2005-09-29|458603143|kjohnson@example.com|M|67162747521|Beautician|83
250|Morgan|Cunningham|1987-07-06|116058156|ltrujillo@example.org|M|33306490178|Beautician|84
251|Leslie|Mccann|1959-09-02|101285659|yrichards@example.com|F|11761910352|Beautician|84
252|Amanda|Rivera|1996-12-17|805945135|ywilkinson@example.com|F|64284962052|Beautician|84
253|Andrea|Oliver|2001-12-20|784040129|thomas71@example.com|F|50912620247|Beautician|85
254|William|Mcdaniel|2000-01-12|313570262|kyle05@example.net|F|67159474795|Beautician|85
255|Alexis|Espinoza|1973-10-03|581495420|collinsray@example.net|F|62635665641|Beautician|85
256|Jasmine|Porter|1975-06-26|608631199|caitlinsaunders@example.net|F|12315075770|Beautician|86
257|Nicole|Anderson|1999-06-29|459761557|cunninghammichael@example.com|M|17656910053|Beautician|86
258|Steve|Mason|2005-11-13|376060088|dianereynolds@example.com|F|83763952021|Beautician|86
259|Connie|Dudley|1988-05-06|820559784|wilcoxalvin@example.com|M|65611774697|Beautician|87
260|Deanna|Ramirez|1983-03-10|532949114|barberanita@example.org|M|76529221427|Beautician|87
261|Melinda|Campos|1982-07-18|347833423|adecker@example.org|M|40672072699|Beautician|87
262|David|Saunders|1991-05-21|528869718|jeremycarrillo@example.org|M|47053434895|Beautician|88
263|Kelly|White|1986-09-09|037801244|roberto37@example.net|M|49628209896|Beautician|88
264|Rebecca|Moore|1963-07-30|753405389|stephanie69@example.com|M|34502664736|Beautician|88
265|Sara|Saunders|1980-07-07|714596751|wayne38@example.net|F|23119859277|Beautician|89
266|Jason|Clay|1965-09-26|618536084|wbrown@example.com|F|53584569194|Beautician|89
267|Frank|Gutierrez|1980-12-04|109706742|gilbertchelsey@example.net|F|78801972054|Beautician|89
268|Jessica|James|1974-09-22|216231746|marypatrick@example.com|M|73806672969|Beautician|90
269|David|Ayala|1973-09-02|381596118|pmiles@example.com|F|70722427706|Beautician|90
270|Olivia|Grant|1993-07-21|245369680|philipsantiago@example.com|F|26580985667|Beautician|90
271|Gregory|Bennett|1973-04-05|592545668|ralph27@example.net|M|56818672917|Aesthetician|91
272|Kayla|White|1981-08-31|633581096|joshuatodd@example.com|M|67298498417|Aesthetician|91
273|Jessica|Simon|1971-12-16|431364572|waltersbrittany@example.com|F|03265586654|Aesthetician|91
274|Holly|Bolton|2000-03-25|435324046|nwang@example.net|M|92360481603|Aesthetician|92
275|Natalie|Aguilar|1964-07-06|852999351|lowerybeverly@example.net|F|07037819740|Aesthetician|92
276|Douglas|Allen|1990-12-28|112460342|laura03@example.com|M|74949020536|Aesthetician|92
277|Logan|Valentine|1994-08-08|260358220|cheryl25@example.com|F|95757177430|Aesthetician|93
278|Eddie|Sanders|1975-06-19|746794075|mramirez@example.com|M|92510781481|Aesthetician|93
279|Barbara|Jimenez|1980-12-01|053591876|christopherchase@example.com|M|65535898255|Aesthetician|93
280|Rachel|Potts|1959-09-05|832324261|debra93@example.net|M|33902056910|Aesthetician|94
281|Robin|Walker|1967-03-13|412276335|cindy30@example.net|M|25706048885|Aesthetician|94
282|Linda|Jones|1959-09-26|982255319|ricky54@example.net|F|58402295426|Aesthetician|94
283|Kendra|Campbell|2004-12-04|241730340|michaelalvarez@example.net|M|71563184186|Aesthetician|95
284|Kimberly|Cole|1971-11-13|777450387|margaretallen@example.com|F|26499841649|Aesthetician|95
285|David|Edwards|1980-04-20|555276742|jermaine41@example.com|M|61522301337|Aesthetician|95
286|Marcus|Murphy|1992-12-20|550222740|travislewis@example.org|M|08705078598|Aesthetician|96
287|Cynthia|Goodman|1958-05-11|641777642|garciacharlotte@example.org|M|32101145427|Aesthetician|96
288|John|Watson|1999-11-22|681362250|michael32@example.com|F|85153294786|Aesthetician|96
289|Jacob|Freeman|2005-04-22|144446043|morganjones@example.net|M|81064025184|Aesthetician|97
290|Carol|Johnson|1982-12-13|396501668|jasonhunter@example.net|M|65790591532|Aesthetician|97
291|Kimberly|Diaz|1995-08-29|707751253|hstein@example.net|F|98479183085|Aesthetician|97
292|Matthew|Sullivan|1987-07-01|842010764|linlauren@example.com|M|08562447423|Aesthetician|98
293|Ricky|Hamilton|1968-05-23|228838539|jenniferfranklin@example.org|F|05682522893|Aesthetician|98
294|Stephanie|Martin|1978-12-30|841829237|marie67@example.com|M|13309818201|Aesthetician|98
295|Scott|May|2006-01-05|614856289|morganleah@example.com|M|18204109869|Aesthetician|99
296|Tyler|Robinson|1972-09-24|096796040|dgreen@example.net|F|51882219931|Aesthetician|99
297|Alexander|Watson|1959-07-29|874559341|frank82@example.com|M|27585224124|Aesthetician|99
298|Bethany|Harper|2005-01-25|729002353|lewiskyle@example.com|M|27566073020|Aesthetician|100
299|Linda|Miller|1968-10-13|387615752|carlsonchelsea@example.com|M|76345499566|Aesthetician|100
300|Timothy|Reed|1980-05-12|271497414|robert91@example.com|F|25570514804|Aesthetician|100
301|Nicole|Sosa|1967-01-29|377273835|brandon71@example.org|M|22384246698|Aesthetician|101
302|George|Garcia|1985-12-04|241779059|stephanieross@example.net|F|27457889387|Aesthetician|101
303|John|Garrett|1988-05-26|945165857|xgonzalez@example.com|F|83725384490|Aesthetician|101
304|Zachary|Ramirez|1995-06-21|124846825|patrickjacob@example.org|F|92381013847|Aesthetician|102
305|Travis|Cox|1976-09-06|239797531|cmurphy@example.com|F|39982105939|Aesthetician|102
306|Christina|Frey|1969-01-10|701647704|robert57@example.org|F|26320372809|Aesthetician|102
307|Natasha|Harris|1988-12-13|508497873|daniellehoward@example.org|F|20529020930|Aesthetician|103
308|Jacqueline|Johnson|1971-09-29|374995643|nguyenyvonne@example.net|F|84173841800|Aesthetician|103
309|Walter|Pierce|1975-11-29|254272243|housedavid@example.com|F|27242608147|Aesthetician|103
310|Rachel|Roberts|1973-11-28|789765456|abigail33@example.com|M|62057684322|Aesthetician|104
311|James|Shannon|1962-11-29|376568995|james93@example.com|M|13567800515|Aesthetician|104
312|Susan|Harris|1971-08-14|668034861|okelly@example.org|M|04271722546|Aesthetician|104
313|Tamara|Schmidt|1999-03-17|399919355|beverlythomas@example.org|M|84868085466|Aesthetician|105
314|Sean|Logan|2003-03-28|241640493|wflores@example.com|F|97745137438|Aesthetician|105
315|Robert|Lopez|1967-08-26|310604606|sarah42@example.org|M|52490534659|Aesthetician|105
316|Steven|Faulkner|1989-06-07|826873113|woodpeter@example.org|M|63266035924|Aesthetician|106
317|Jessica|Williams|2003-05-23|164591724|pmitchell@example.com|F|79841671663|Aesthetician|106
318|Janet|Miller|1996-07-26|029328367|jameseaton@example.net|F|76186284351|Aesthetician|106
319|Ronald|Villa|1976-11-05|710378814|travisjohnson@example.org|M|95892170465|Aesthetician|107
320|Rebecca|Doyle|1977-01-17|061223179|jamesedwards@example.net|M|97168051680|Aesthetician|107
321|Amanda|Miller|1981-06-16|192294766|pamela88@example.org|F|64590377981|Aesthetician|107
322|David|Levy|1960-07-04|850781394|earl33@example.org|F|27238544395|Aesthetician|108
323|Jessica|Santos|2000-07-23|172876620|georgewilliam@example.org|M|92242619635|Aesthetician|108
324|Caitlin|White|2004-11-19|348032013|smithdenise@example.net|F|42113658168|Aesthetician|108
325|Ariel|Hunt|1988-02-03|234230347|fisherrachael@example.org|F|72499480336|Aesthetician|109
326|Chloe|Mays|1979-11-27|239853955|timothychen@example.net|F|58180091060|Aesthetician|109
327|Anna|Velazquez|1983-03-02|494796560|vcarpenter@example.com|M|78061605554|Aesthetician|109
328|Wayne|Greene|1989-07-25|787831355|leonard71@example.com|F|22264772300|Aesthetician|110
329|Devin|Tran|1985-11-20|637451509|colecynthia@example.com|M|80883469212|Aesthetician|110
330|Vicki|Case|1968-11-15|064886045|heather29@example.org|F|97666786590|Aesthetician|110
331|Kimberly|Bell|1983-10-05|111619479|steven07@example.org|M|63885379511|Aesthetician|111
332|Lisa|Hill|1996-12-15|100620445|sanchezvincent@example.net|F|05004434492|Aesthetician|111
333|Rhonda|Hudson|1975-12-28|442369959|urubio@example.com|M|10985007149|Aesthetician|111
334|Jessica|Smith|1987-08-25|364818673|emilyweiss@example.com|F|23728441168|Aesthetician|112
335|Tina|Hansen|2002-04-15|985284597|kenneth62@example.net|M|60334991813|Aesthetician|112
336|Arthur|Sandoval|1996-07-11|436891760|brianbrown@example.net|F|10676112019|Aesthetician|112
337|James|Fisher|1999-09-27|376711972|jessica05@example.com|M|19307356260|Aesthetician|113
338|James|Campbell|1993-06-03|579693063|vharrison@example.net|F|22538076460|Aesthetician|113
339|John|Hernandez|1979-03-29|045231139|odorsey@example.com|F|04826482979|Aesthetician|113
340|April|Mora|1984-07-23|687541037|joel87@example.org|M|86711754019|Aesthetician|114
341|Alexander|Moore|1996-07-18|688225794|kristinafrancis@example.net|M|76847637158|Aesthetician|114
342|Jaime|Soto|1969-01-04|828567539|kellyreed@example.net|M|30514582978|Aesthetician|114
343|Elizabeth|Ponce|1979-03-02|039907378|michelle81@example.net|M|58611254639|Aesthetician|115
344|Richard|Austin|1993-05-21|053348088|debramoore@example.com|M|30172911174|Aesthetician|115
345|Stacy|Wagner|1963-05-28|842358828|williambrown@example.com|F|07936169402|Aesthetician|115
346|Jose|Roberts|1980-06-10|538015557|edwardsisaiah@example.org|M|37025799675|Aesthetician|116
347|Thomas|Sanchez|1998-08-21|325536272|wernerkathleen@example.net|F|60357974193|Aesthetician|116
348|Michael|Smith|1968-05-23|418149974|mbell@example.net|F|22332382453|Aesthetician|116
349|Crystal|Lopez|1964-12-16|059311227|fphillips@example.net|M|98594420208|Aesthetician|117
350|Douglas|Pacheco|1990-11-22|970047201|nancy97@example.org|F|58662777096|Aesthetician|117
351|Manuel|Cox|2003-03-09|465848050|ricechristy@example.net|M|73421800439|Aesthetician|117
352|Scott|Murray|1967-02-08|435420564|christophercruz@example.org|F|29716015126|Aesthetician|118
353|Scott|Small|1983-09-05|021116382|manuelpeterson@example.com|M|47921837023|Aesthetician|118
354|Andrew|Clayton|1970-10-17|842029576|robert08@example.net|F|04990940651|Aesthetician|118
355|Bryce|Brennan|2000-08-13|242457667|jcruz@example.net|M|96791750440|Aesthetician|119
356|Kristine|Solomon|1967-07-12|805276247|melanie90@example.com|M|16213097923|Aesthetician|119
357|Rachel|Brown|1973-07-12|130930284|briannalivingston@example.com|F|63629522701|Aesthetician|119
358|Justin|Lane|1977-09-18|934582314|trujillosusan@example.net|M|67637339089|Aesthetician|120
359|Jordan|Peterson|1983-11-07|826858821|tammy13@example.com|F|34930673607|Aesthetician|120
360|Jerry|Gomez|2003-04-29|748641666|wrivera@example.com|F|23502340569|Aesthetician|120
361|Mandy|Barnett|1985-11-13|042486608|eparrish@example.com|M|49473610255|Personal Trainer|121
362|Samantha|Arnold|1971-05-11|265352666|brandon22@example.com|F|14489504086|Personal Trainer|121
363|Douglas|Henderson|1973-12-07|308271435|nmaldonado@example.com|M|10186003438|Personal Trainer|121
364|Shannon|Mitchell|1984-08-01|344790468|jon15@example.org|F|31044324875|Personal Trainer|122
365|Thomas|Green|1984-02-06|664763982|egonzalez@example.net|F|47542578410|Personal Trainer|122
366|Paula|Hernandez|1972-04-28|276047334|ballardamanda@example.org|M|67101717062|Personal Trainer|122
367|Matthew|Meyers|1971-08-02|624078194|wmcdaniel@example.net|F|97597434165|Personal Trainer|123
368|Christopher|Perez|1980-08-30|025025923|michelle26@example.net|F|30147990406|Personal Trainer|123
369|Ray|Jordan|1963-08-20|355266868|nhood@example.net|F|14068979871|Personal Trainer|123
370|Emily|Jones|1990-02-16|380427386|kaylacampos@example.net|F|68256174108|Personal Trainer|124
371|Raymond|Fowler|1988-11-02|829641165|jessica28@example.com|F|85368841230|Personal Trainer|124
372|Daryl|Walls|1959-09-20|567425716|taylor68@example.com|F|47422604612|Personal Trainer|124
373|Charles|Schmidt|1982-09-18|469656925|dakotasmith@example.org|M|95209631537|Personal Trainer|125
374|Ashley|Shepherd|1979-05-29|193393279|david23@example.net|F|24727878335|Personal Trainer|125
375|Lisa|Carpenter|1996-09-04|343141670|harrisonblake@example.com|M|57899642921|Personal Trainer|125
376|Stephanie|Gray|1972-01-30|508740142|tjacobs@example.org|M|18597828611|Personal Trainer|126
377|Justin|Castro|1996-02-10|932832346|angela90@example.com|M|93563953821|Personal Trainer|126
378|Kenneth|Bird|1977-06-23|761179854|gwilliams@example.net|F|52043691587|Personal Trainer|126
379|Philip|Cooke|1996-09-22|818633986|albert65@example.org|M|31825088634|Personal Trainer|127
380|Lisa|Griffin|1964-12-21|525973575|grace32@example.org|M|63921135528|Personal Trainer|127
381|Sean|Rodriguez|1978-07-19|608413168|gwilkins@example.net|F|87254877682|Personal Trainer|127
382|David|Jones|1980-08-14|208280266|kbrooks@example.net|F|47323314916|Personal Trainer|128
383|Shannon|Price|1958-10-07|034112268|john27@example.com|M|94529119971|Personal Trainer|128
384|William|Chambers|2000-11-11|925327186|marygriffin@example.net|F|46148186244|Personal Trainer|128
385|Stephen|Jones|2004-07-24|119948087|hollycalhoun@example.com|F|13292514605|Personal Trainer|129
386|Troy|Mcdonald|2002-09-09|663887432|mitchell92@example.com|F|02482207034|Personal Trainer|129
387|Joseph|Johnson|2003-07-06|722453158|barnestraci@example.com|M|15626765088|Personal Trainer|129
388|Bobby|Gould|1995-04-10|528617114|jeffreymorton@example.net|F|30462945384|Personal Trainer|130
389|Andrea|Ware|1968-01-24|841934031|xhuff@example.org|M|10111463180|Personal Trainer|130
390|Holly|Richards|2005-07-20|185695631|whitejennifer@example.com|M|10435584315|Personal Trainer|130
391|Kyle|Adams|2005-07-28|327620523|tsimon@example.net|M|29253262644|Personal Trainer|131
392|Sarah|Erickson|1976-02-24|397658157|petersencorey@example.com|F|34738689501|Personal Trainer|131
393|John|Williams|2005-11-29|024035380|ymcdonald@example.com|M|02681261855|Personal Trainer|131
394|Derek|Lopez|1989-11-23|207375410|howardjennifer@example.com|M|83485578465|Personal Trainer|132
395|Joshua|Frey|1985-11-19|741232224|sarabuckley@example.com|F|01583605935|Personal Trainer|132
396|Sarah|Williams|1978-11-12|895819299|andrew54@example.org|M|21382537580|Personal Trainer|132
397|Alyssa|Howard|2003-03-07|422220904|kara70@example.com|M|38460256359|Personal Trainer|133
398|Kimberly|Conrad|1994-04-21|154024229|christina08@example.net|M|05137840869|Personal Trainer|133
399|Laura|Wheeler|1978-12-04|860229973|morganharrell@example.org|F|49449995210|Personal Trainer|133
400|David|Hogan|2005-03-24|077110282|ubrown@example.com|M|44583933751|Personal Trainer|134
401|Lauren|Ponce|1975-05-16|971161318|jennifer10@example.com|F|01630432898|Personal Trainer|134
402|Destiny|Lee|1961-09-11|355680296|smithjacob@example.org|M|93121602532|Personal Trainer|134
403|Tiffany|Lewis|2005-07-18|475845061|carrieholt@example.net|F|21680907596|Personal Trainer|135
404|Joseph|Shaw|2006-02-22|041327149|harrisjoshua@example.org|F|97916790422|Personal Trainer|135
405|Daniel|Fisher|2004-08-22|645348297|steven74@example.com|M|41933612773|Personal Trainer|135
406|George|Mcneil|1995-12-26|886045630|dixonkyle@example.com|M|45486850559|Personal Trainer|136
407|Manuel|Klein|1975-08-02|925071104|mariohernandez@example.org|F|65855293408|Personal Trainer|136
408|Angela|Smith|1996-07-19|424440437|shelly74@example.net|M|12796740348|Personal Trainer|136
409|Steve|King|1960-06-22|953011778|ekirby@example.com|M|93965081734|Personal Trainer|137
410|Bryan|Castaneda|1993-10-19|139041032|marciagilbert@example.org|M|44921199742|Personal Trainer|137
411|Frank|Johnson|1995-02-02|112393289|graycraig@example.org|F|58925232103|Personal Trainer|137
412|Robert|Carson|1992-02-16|093661287|martinsandra@example.org|F|94488446271|Personal Trainer|138
413|Taylor|Gutierrez|1993-01-30|679282267|virginia40@example.net|M|86161241474|Personal Trainer|138
414|Carrie|Smith|1967-02-25|884600380|christophermiller@example.org|M|40011399638|Personal Trainer|138
415|Christina|Allen|1989-12-15|032375371|escott@example.net|M|02915218973|Personal Trainer|139
416|Andrew|Smith|1994-04-11|441946499|johnathan01@example.org|F|35167230433|Personal Trainer|139
417|Lynn|Roberts|1969-12-08|955730483|jacobrivera@example.com|M|81757666416|Personal Trainer|139
418|Savannah|Brown|1993-08-18|101236149|kingmichael@example.net|M|19669107987|Personal Trainer|140
419|Kelly|Hanson|2002-11-01|715168816|suzanne53@example.net|F|80268385208|Personal Trainer|140
420|Gary|Torres|2001-11-22|720652842|susanwise@example.org|M|13714808621|Personal Trainer|140
421|Patricia|Marshall|2002-04-04|614257139|pricedenise@example.org|M|08018833963|Personal Trainer|141
422|James|Foley|1969-05-29|677282946|robin10@example.net|F|89532387199|Personal Trainer|141
423|David|Compton|1984-07-20|165674547|toddmoss@example.org|F|90707936498|Personal Trainer|141
424|John|Higgins|1976-05-29|142401799|tamaracarrillo@example.net|F|98129361090|Personal Trainer|142
425|Sharon|Carter|1990-05-26|969669905|laurenmacdonald@example.com|M|73836274702|Personal Trainer|142
426|Ian|Clark|1970-03-10|890034270|swalsh@example.org|M|36923307001|Personal Trainer|142
427|Darrell|Webster|1974-10-05|739445177|terryamanda@example.net|F|08509150927|Personal Trainer|143
428|Katherine|Wilson|1988-07-23|250666960|kingdaniel@example.net|M|28465910976|Personal Trainer|143
429|Connie|Woodward|1966-09-29|544422541|terrelljeremy@example.net|F|35553141043|Personal Trainer|143
430|Madeline|Boyd|1975-02-25|100231168|ronnie39@example.org|M|71150669143|Personal Trainer|144
431|Kathleen|Evans|1967-03-20|005049626|jeffery33@example.com|M|81595160887|Personal Trainer|144
432|William|Dalton|1987-06-10|764355710|julia40@example.net|M|75366453152|Personal Trainer|144
433|Kathleen|Gray|1986-05-18|907208788|kevin22@example.com|M|70426538662|Personal Trainer|145
434|Michael|Stevenson|1984-09-27|017577346|jacquelinehansen@example.com|F|82780406240|Personal Trainer|145
435|Daniel|Bryan|1977-11-30|275132858|tammylee@example.org|F|41253641782|Personal Trainer|145
436|Bernard|Harrison|1968-04-17|750631449|johnsonpatricia@example.org|M|19237081229|Personal Trainer|146
437|Marissa|Yang|1996-02-24|358449031|andrew52@example.net|F|09590646862|Personal Trainer|146
438|Kelly|Stout|1982-03-31|337939690|kleinrobert@example.org|F|33821283957|Personal Trainer|146
439|Austin|Cooper|1997-08-27|245690685|ruthclark@example.net|M|98344580398|Personal Trainer|147
440|Nicole|Dawson|2002-03-07|197376157|jonathancastro@example.net|M|42335737210|Personal Trainer|147
441|Kimberly|Smith|1995-12-25|922941154|smithmark@example.com|F|01104733813|Personal Trainer|147
442|James|Wall|1974-06-27|893958888|kwilliams@example.com|M|68515236546|Personal Trainer|148
443|Emily|Maddox|1984-03-01|702339671|rodriguezandrew@example.net|M|63403780954|Personal Trainer|148
444|Jessica|Butler|1964-06-08|154563771|dball@example.net|F|43248900526|Personal Trainer|148
445|Rachael|Mccann|1974-07-29|136886641|moorezachary@example.net|M|40179865201|Personal Trainer|149
446|Emma|Jackson|1984-03-09|785097688|crystal54@example.net|M|99063187955|Personal Trainer|149
447|Amber|Freeman|1989-04-20|035020949|mary61@example.com|F|33784977296|Personal Trainer|149
448|Kevin|Thompson|1995-10-27|300742666|maxwell26@example.org|F|70892641508|Personal Trainer|150
449|Anne|Scott|2005-12-06|243065409|karenbriggs@example.net|M|33405028611|Personal Trainer|150
450|Christian|White|1989-11-17|934731663|christianwatson@example.net|M|66537046938|Personal Trainer|150
451|Jennifer|Martinez|1972-02-23|542129215|emcpherson@example.com|M|57008527597|Dentist|151
452|Bianca|Roberts|1974-06-27|239687326|morganwang@example.com|F|53546471203|Dentist|151
453|Natalie|Morris|1989-01-26|518780349|elijah32@example.org|M|54831480810|Dentist|151
454|Samuel|Carter|1993-01-29|520435783|ssmith@example.net|M|94831741466|Dentist|152
455|Brenda|Estrada|1974-11-07|630283275|summer62@example.org|M|06029834215|Dentist|152
456|Oscar|Bryant|1965-05-08|950915097|julie94@example.org|F|84782156858|Dentist|152
457|Phillip|Yu|2002-01-16|822836588|deborah53@example.net|F|94332831871|Dentist|153
458|Brian|Wallace|2001-04-14|427138533|melissa61@example.org|M|59020027894|Dentist|153
459|Michael|Cook|1983-07-22|152998848|rheath@example.org|M|18913147151|Dentist|153
460|Cassandra|Howard|1968-10-17|902244242|webbharold@example.org|M|89015738474|Dentist|154
461|Nicole|Wood|2000-02-13|067587961|noblejeremiah@example.org|M|13773284774|Dentist|154
462|Joseph|Dickson|1986-11-23|495462693|pward@example.com|F|24406076842|Dentist|154
463|Joseph|Rodriguez|2002-03-19|942218824|adrian25@example.com|M|54818475680|Dentist|155
464|Patrick|Wong|1978-09-30|502337007|joseph22@example.net|F|14403452157|Dentist|155
465|Michael|French|1982-07-13|280367100|omiller@example.net|F|43278505347|Dentist|155
466|Rebecca|Watson|1959-01-10|835467865|blackcourtney@example.org|F|80533610030|Dentist|156
467|Cassandra|Martinez|1967-10-04|149856080|frazierdeborah@example.net|M|23213891484|Dentist|156
468|Peter|Price|1991-07-15|150303737|beltranbrandon@example.net|F|05861083665|Dentist|156
469|Kelly|Small|1975-08-22|551651831|sblack@example.org|F|34845642563|Dentist|157
470|David|Hernandez|1992-10-11|805769901|kingkevin@example.net|M|94052792894|Dentist|157
471|Amanda|Burke|1965-07-04|328796163|gnavarro@example.com|F|11378670157|Dentist|157
472|Denise|Blackburn|1987-09-01|974606049|brendamccullough@example.net|F|84944422925|Dentist|158
473|Victoria|Ferguson|2001-06-04|305591711|atkinsontony@example.org|M|27865275297|Dentist|158
474|Rodney|Newman|1959-11-29|818226922|hcallahan@example.org|M|97147455548|Dentist|158
475|Tracy|Gill|1987-11-29|642514099|timothy88@example.net|M|09165758514|Dentist|159
476|Leslie|Cohen|1997-03-11|595601527|mark46@example.org|F|38407494766|Dentist|159
477|Patrick|Saunders|1991-07-01|683471797|keithdana@example.com|F|07825615703|Dentist|159
478|Jacqueline|Roth|1967-05-11|717977427|ngilbert@example.net|M|77302653235|Dentist|160
479|William|Andrews|1988-03-15|214150115|justinwarren@example.net|M|10207497286|Dentist|160
480|Joshua|Johns|1986-01-15|786110080|jennifersims@example.net|F|67698706079|Dentist|160
481|Joseph|Sanchez|1985-09-26|977081454|selenastafford@example.net|M|88782773743|Dentist|161
482|Andrew|Yang|2001-09-03|704142457|ocamacho@example.com|F|07857178165|Dentist|161
483|Alan|Rivera|1995-01-13|820054596|alejandrafisher@example.org|M|18930876095|Dentist|161
484|Willie|Wright|1976-05-23|821418997|heathernavarro@example.net|M|87614216348|Dentist|162
485|James|Morgan|1984-05-26|281320144|edwardscheyenne@example.org|F|16754219403|Dentist|162
486|Alyssa|Nelson|1965-08-03|682744907|james12@example.com|F|83577411663|Dentist|162
487|David|Friedman|1980-03-29|964135624|lcole@example.com|M|54823794626|Dentist|163
488|Charles|Rivera|1987-03-23|434024786|kimjordan@example.com|M|93629464675|Dentist|163
489|Eric|Gilbert|1980-06-27|814039061|troywright@example.org|M|11786287523|Dentist|163
490|Kirk|Bowen|1988-05-26|717667720|wrightjessica@example.net|F|60753817767|Dentist|164
491|Erin|Frank|2003-07-03|389572539|valerie05@example.org|M|67017858121|Dentist|164
492|Frank|Guzman|2005-10-21|567358665|simmonsshane@example.com|M|99873942168|Dentist|164
493|Barry|Anderson|1976-04-29|844430574|hbooker@example.org|F|10703687953|Dentist|165
494|Margaret|Jenkins|1981-11-10|992636489|michellegreen@example.com|M|27861911467|Dentist|165
495|Michele|Stephens|2003-03-07|526081979|yponce@example.org|F|69608230885|Dentist|165
496|Sarah|Klein|1974-12-22|055604258|owensbrandy@example.com|F|97128499814|Dentist|166
497|Felicia|Cox|1981-03-07|470341420|umorse@example.net|F|50171027699|Dentist|166
498|Kathryn|Rodriguez|1997-08-23|038749733|kevans@example.com|M|23430104274|Dentist|166
499|Phillip|Cordova|1995-06-02|106985050|thomaswhite@example.org|F|31650681912|Dentist|167
500|Marie|Stewart|1986-10-29|794540001|andremann@example.com|F|53765595134|Dentist|167
501|Brooke|Li|1961-01-12|940158049|andersonjustin@example.net|F|82163486098|Dentist|167
502|James|Summers|1978-07-13|137772074|samantha80@example.net|F|66297462583|Dentist|168
503|Christopher|Smith|1986-02-10|035186121|jonathanshelton@example.net|F|81458777567|Dentist|168
504|Cindy|Williamson|1969-01-01|388419225|danamurphy@example.com|M|27617293416|Dentist|168
505|Clarence|Porter|1971-07-21|774388631|jacqueline26@example.net|F|05956240423|Dentist|169
506|Crystal|Castillo|1994-02-17|002172861|heather17@example.com|F|29290987573|Dentist|169
507|Max|Grimes|1993-08-16|336120555|justin59@example.org|F|44922606315|Dentist|169
508|Mary|Rice|1981-12-26|430627236|ycrawford@example.com|M|61569789903|Dentist|170
509|Michael|Cardenas|2004-12-20|925604871|tracysharp@example.com|M|82936167327|Dentist|170
510|Dana|Brown|1970-10-30|655272505|stephanieyoung@example.org|M|91719144710|Dentist|170
511|Ryan|Parks|1974-06-30|410369800|janetravis@example.com|M|50231485904|Dentist|171
512|Larry|Lynch|1965-10-19|076999150|truiz@example.net|M|11557289921|Dentist|171
513|Haley|Andersen|1989-09-08|706248060|joseharrington@example.org|F|36026240156|Dentist|171
514|Robert|Rivas|1977-01-31|279390674|smithsara@example.com|M|62375380636|Dentist|172
515|Deanna|Garcia|2005-08-07|449330721|fowlererin@example.net|M|08439917245|Dentist|172
516|Tammy|Roberts|1971-05-20|188368262|curtisgonzalez@example.net|F|79754749898|Dentist|172
517|Jennifer|Baker|1984-10-08|226887752|tiffanystewart@example.net|M|33625323365|Dentist|173
518|Jerome|Welch|1972-12-18|101644160|chase41@example.com|F|08578644121|Dentist|173
519|Carlos|Reyes|1964-04-23|631105630|ucalhoun@example.org|M|35462096159|Dentist|173
520|Thomas|Smith|1974-03-03|723689310|fharrington@example.net|F|21595232453|Dentist|174
521|Hannah|Clark|1983-05-08|499350523|ryancody@example.com|M|43103420540|Dentist|174
522|John|Mata|1985-07-26|475543809|melissa63@example.com|M|64255011624|Dentist|174
523|Joshua|Russell|1964-04-23|220875017|gnovak@example.net|M|33780879071|Dentist|175
524|William|Anderson|2002-07-18|312165768|wrightchristine@example.net|F|15106298562|Dentist|175
525|Steven|Parsons|2002-10-03|243593024|csullivan@example.org|M|72096554566|Dentist|175
526|Samantha|Miller|1991-03-16|431425016|samantha71@example.com|M|30097283857|Dentist|176
527|Steven|Williams|1976-07-02|515191595|mariazuniga@example.org|F|88794415644|Dentist|176
528|Antonio|Davis|1966-05-12|993980227|lynchdavid@example.net|M|54121661980|Dentist|176
529|Andrew|Holmes|1968-10-26|428870834|tiffanysellers@example.org|M|40703618459|Dentist|177
530|Stephen|Skinner|1986-06-08|560418202|murphylinda@example.net|M|37015506933|Dentist|177
531|Scott|Martin|1987-03-24|189878444|pwilson@example.org|M|79454673547|Dentist|177
532|Jennifer|Robertson|1978-08-29|451679829|tracy86@example.org|M|48892881813|Dentist|178
533|Alexandra|Sanchez|1987-03-18|179051817|markwebb@example.com|M|06390354527|Dentist|178
534|Jonathan|Patel|1995-04-24|944963913|louisramirez@example.com|M|83830270195|Dentist|178
535|Jessica|Chan|1982-10-20|168940059|robert94@example.com|M|61618989487|Dentist|179
536|Timothy|Miller|1959-03-13|128581180|francolisa@example.org|M|24315269791|Dentist|179
537|Amy|Chan|1977-06-26|235541744|peterdrake@example.net|M|85757490816|Dentist|179
538|Wanda|Li|1990-11-27|010183806|dorothy16@example.net|F|62011846357|Dentist|180
539|Andrew|Gonzalez|1979-08-17|891793095|jeremyharvey@example.net|M|11575623642|Dentist|180
540|James|Mooney|1986-04-01|463164094|toddjacobson@example.com|F|32137825262|Dentist|180
541|Benjamin|Garcia|1965-12-11|577570095|zmoss@example.com|F|77608420572|Counselor|181
542|Holly|Ramirez|1968-06-20|994628951|summersamber@example.net|F|10403196103|Counselor|181
543|Bailey|Eaton|1996-10-20|422658982|nguyenjohn@example.net|M|31217089561|Counselor|181
544|Joseph|Sexton|1982-02-27|630085226|montesamanda@example.org|F|52382312621|Counselor|182
545|Sheryl|Tapia|1972-01-02|884915065|manningphillip@example.com|M|42792895963|Counselor|182
546|Ana|Brown|1958-05-07|641136324|lsmith@example.com|F|77116647128|Counselor|182
547|Andrew|Johnson|1984-12-15|917892564|travismeredith@example.net|F|96325202434|Counselor|183
548|Gregory|Vance|1970-10-16|737707428|rodriguezstephen@example.net|M|35750856960|Counselor|183
549|Walter|Sanders|2001-04-16|501131787|mmartinez@example.org|F|81960895909|Counselor|183
550|Chelsea|Lee|1986-10-25|491681056|gilbertalexandria@example.org|M|70863751297|Counselor|184
551|Erica|Lewis|1978-06-15|392640746|jimenezholly@example.com|F|04595216921|Counselor|184
552|Katelyn|Hobbs|1966-11-13|865404096|phillipsamber@example.net|F|49047664985|Counselor|184
553|John|Thomas|1976-02-03|678924746|stucker@example.org|M|71475555808|Counselor|185
554|Paul|Bradley|1959-07-02|835085727|robertsrobert@example.com|F|27498654506|Counselor|185
555|Gwendolyn|Key|1994-02-22|324841165|xnguyen@example.net|M|34855569152|Counselor|185
556|Brandi|Reid|1981-02-22|401638678|monicastrong@example.net|F|25043723505|Counselor|186
557|Pamela|Conner|1972-01-06|025690108|john08@example.net|F|19659560104|Counselor|186
558|Samantha|Sherman|1999-10-08|197798996|tylerboyle@example.org|F|54742657740|Counselor|186
559|Dean|Pacheco|1967-08-30|780609767|dbryant@example.org|M|58107289417|Counselor|187
560|Matthew|Haynes|1989-10-17|942838257|wchavez@example.com|F|04167236813|Counselor|187
561|Jorge|Kim|1976-04-20|806641444|lopezaaron@example.org|M|56874630887|Counselor|187
562|Amy|Miller|1962-03-20|454128355|rberry@example.net|F|09728534327|Counselor|188
563|John|Ortiz|1998-12-14|924841995|ericortega@example.net|M|87935142585|Counselor|188
564|Kendra|Hall|1969-07-09|307404662|ahayes@example.org|F|90131485158|Counselor|188
565|Nicholas|Holland|1984-09-25|618644566|karen48@example.org|M|15645252917|Counselor|189
566|Trevor|Good|2000-10-10|273177157|mollycampbell@example.org|F|35165530997|Counselor|189
567|Shawn|Barker|1989-03-19|693819367|david57@example.com|F|15912079084|Counselor|189
568|Carla|Bush|1996-12-02|447395994|ijohnson@example.org|M|18805467181|Counselor|190
569|Lori|Perkins|2000-10-22|736986281|zbowers@example.org|F|36754469357|Counselor|190
570|Katherine|Moore|2004-04-15|100400941|bchambers@example.com|F|93554352551|Counselor|190
571|Christine|Smith|1967-07-28|253103004|edyer@example.org|M|47984102749|Counselor|191
572|Anthony|Jackson|1976-04-18|046888145|tsimpson@example.org|F|50764316335|Counselor|191
573|Hunter|Hammond|1999-10-14|219249217|chamberspeter@example.org|F|83867238599|Counselor|191
574|Jason|Richmond|1975-06-18|595080937|sandra88@example.net|M|60591510922|Counselor|192
575|Angela|Werner|1996-12-27|955536243|annamartinez@example.com|F|34136791017|Counselor|192
576|Brian|Cox|2003-09-08|525890754|johnsonstephanie@example.net|F|73851542289|Counselor|192
577|Travis|Clark|2003-02-24|300939149|bellconnor@example.org|M|21194226256|Counselor|193
578|Cheyenne|Lozano|1984-11-14|468021155|brenda65@example.net|M|49058729985|Counselor|193
579|Joseph|Brown|1963-07-14|283824913|wallaceangela@example.com|M|65542292672|Counselor|193
580|Noah|Turner|1973-02-11|288748080|katherine15@example.org|M|52247114984|Counselor|194
581|Adam|Vincent|1988-02-24|357961068|debramiller@example.net|M|98278324170|Counselor|194
582|Vanessa|Griffith|2003-04-24|139492864|jasonjimenez@example.org|M|32067996002|Counselor|194
583|Vanessa|Parker|1982-10-22|405426264|bhart@example.com|M|94877633672|Counselor|195
584|Austin|Mays|1999-08-06|579536306|meganreed@example.com|M|44329745282|Counselor|195
585|John|Ellis|1963-01-31|525878558|juan98@example.com|M|72347732802|Counselor|195
586|Trevor|Kennedy|1972-05-14|784147509|bryanalexander@example.org|F|86939108233|Counselor|196
587|Thomas|Gregory|2004-02-16|938813380|jenkinserik@example.org|M|78291995444|Counselor|196
588|David|Koch|1984-01-20|985130516|averyjacqueline@example.net|F|89721236953|Counselor|196
589|Emily|Rios|2004-12-02|767790766|travis59@example.org|M|88578258999|Counselor|197
590|Jeremiah|Hill|1979-09-22|623541275|brent62@example.org|M|69845331558|Counselor|197
591|Karen|Koch|1993-03-01|033261093|dwilliams@example.org|M|08948188140|Counselor|197
592|Lee|Allison|1973-06-16|192455946|rickyreyes@example.com|M|10555911753|Counselor|198
593|Joseph|Gilmore|1980-12-02|357821561|taylorsteven@example.com|F|67772147115|Counselor|198
594|Marie|Kim|1996-10-09|544870461|stephaniebean@example.org|F|29470046996|Counselor|198
595|Olivia|Ryan|1984-08-30|379873546|icarpenter@example.net|M|16247429092|Counselor|199
596|Natasha|Austin|2003-04-24|734655761|brittanystephenson@example.org|M|33909831734|Counselor|199
597|David|Anderson|1994-07-01|672671254|cobblisa@example.net|M|21203700573|Counselor|199
598|Bill|Ramirez|1987-09-02|216788410|michaelmarshall@example.org|F|00913401759|Counselor|200
599|Emily|Morris|1986-10-15|559967470|michaelbaker@example.org|M|73983376182|Counselor|200
600|Danielle|Martin|1998-04-02|518508163|sharon61@example.net|F|00469358039|Counselor|200
601|Daniel|Weber|1960-03-31|532175674|robert81@example.net|F|73653844354|Counselor|201
602|David|Hicks|1964-01-20|894722358|martinezjames@example.org|M|71128437518|Counselor|201
603|Alexandra|Jimenez|1979-03-17|393426129|frederick56@example.org|M|37250321587|Counselor|201
604|Frank|Phillips|1962-01-25|413788234|dlee@example.com|M|01517739986|Counselor|202
605|Amanda|Chambers|1962-11-08|700225367|christopherlewis@example.net|F|22153161573|Counselor|202
606|Gina|Jarvis|1964-08-15|064753972|jonathan15@example.com|M|19422875223|Counselor|202
607|Veronica|Jones|1976-03-22|873906148|francisco04@example.net|F|58413302341|Counselor|203
608|Kristen|Lawson|2001-01-17|969575299|parkercarrie@example.com|F|99165318555|Counselor|203
609|Lauren|Whitehead|1991-09-09|535983654|michele25@example.com|M|62049749954|Counselor|203
610|Brenda|Thompson|1971-06-16|549427607|johnstonbenjamin@example.com|F|85908592012|Counselor|204
611|Paul|Hansen|1972-08-29|239102245|waltermorton@example.net|F|52767240626|Counselor|204
612|Melissa|Williams|1978-11-11|172348927|danieljordan@example.net|M|16528352854|Counselor|204
613|Antonio|Berger|1986-12-12|741538944|mhopkins@example.org|M|15989225006|Counselor|205
614|Rhonda|Hebert|1988-10-23|559810552|whill@example.org|F|17747828372|Counselor|205
615|James|Miller|2001-06-11|964520741|mackenziedalton@example.org|F|73549128458|Counselor|205
616|Richard|Church|2000-02-29|323453889|julievasquez@example.net|M|43344959175|Counselor|206
617|Michelle|Green|1992-02-02|186327793|kathryngarcia@example.org|M|18332829551|Counselor|206
618|Kevin|Page|1967-04-08|722739230|stephennelson@example.net|M|13250866904|Counselor|206
619|John|Montgomery|1978-04-18|397050449|elizabeth03@example.com|M|92450223766|Counselor|207
620|Stacie|Young|1962-12-26|750650867|mikaylashelton@example.com|F|97926253196|Counselor|207
621|Deborah|Browning|1959-11-25|944748976|georgeadrienne@example.net|F|37920293564|Counselor|207
622|Carrie|Jackson|1964-06-17|581577158|chapmankelly@example.com|F|62125935845|Counselor|208
623|Jenny|Butler|1965-07-29|636005583|gparsons@example.org|M|12528044621|Counselor|208
624|Vincent|Anderson|1987-04-19|224086614|priscilla76@example.net|M|32793431391|Counselor|208
625|Mary|Fernandez|1988-04-14|196129106|jacob06@example.com|F|54587133092|Counselor|209
626|Sara|Garcia|1969-04-24|552364047|jennifer21@example.org|M|76005238527|Counselor|209
627|Kathy|Pittman|1959-12-29|529036211|omoreno@example.net|M|85492791706|Counselor|209
628|Sally|Adams|1996-01-21|739094674|martinezamanda@example.com|M|59120533106|Counselor|210
629|Samantha|Clark|1970-06-22|646091489|john46@example.org|F|78966229149|Counselor|210
630|Samuel|Cortez|1982-01-25|496217320|cunninghamallison@example.org|M|72775045031|Counselor|210
631|Justin|Smith|1988-07-06|380144580|tjoyce@example.net|M|85559475591|Tutor|211
632|Shawn|Perez|1983-01-07|980943344|camachojohn@example.com|M|43835966843|Tutor|211
633|Ian|Davidson|2004-07-21|747995481|jessica60@example.net|F|93716119405|Tutor|211
634|Joshua|Beasley|2001-01-01|632536755|josephjonathan@example.org|M|57765672004|Tutor|212
635|Brian|Daniel|1963-10-14|322918473|joannegonzales@example.org|M|83947819148|Tutor|212
636|Tamara|Holt|1983-09-27|526274666|montgomeryzachary@example.org|F|58986259855|Tutor|212
637|Catherine|Brown|2003-11-21|863319315|james34@example.com|F|22782451540|Tutor|213
638|Derrick|Baker|1991-03-28|497864896|jamesbarber@example.net|F|62820757514|Tutor|213
639|Melissa|Chavez|1997-03-14|807356854|sharonflynn@example.net|F|61458644471|Tutor|213
640|Jimmy|Hobbs|1986-01-06|907608571|clarkcaitlin@example.org|F|75577150174|Tutor|214
641|Regina|Montgomery|1963-12-14|449765524|smithaaron@example.org|M|52343819135|Tutor|214
642|Amber|Munoz|2001-09-20|147603609|rmartinez@example.org|M|51419273699|Tutor|214
643|Carrie|Robinson|2003-12-23|987905291|betty49@example.org|F|30652168066|Tutor|215
644|Anthony|Garcia|1993-10-01|226319644|william68@example.net|M|05368297322|Tutor|215
645|Lori|Franklin|1990-01-02|559617677|felicia07@example.org|M|85937681137|Tutor|215
646|Edward|Jones|1976-03-13|943669035|ychristensen@example.org|M|64717296777|Tutor|216
647|Ebony|Sanchez|1977-03-18|747229482|ballcory@example.org|M|08154190383|Tutor|216
648|Valerie|Murray|1996-09-09|854761971|brookelee@example.org|M|99015985914|Tutor|216
649|Bradley|Grimes|1962-01-15|678643459|nolanaustin@example.org|F|03216039447|Tutor|217
650|Elizabeth|Clark|1983-11-28|608355668|bonillajason@example.net|F|19822809253|Tutor|217
651|David|Ramos|1967-06-21|243965251|higginsronnie@example.net|F|04770730136|Tutor|217
652|Eduardo|King|1972-05-13|878665032|mitchellsmith@example.net|M|35756983460|Tutor|218
653|Malik|Santiago|1985-03-06|166818892|nancy08@example.net|M|42725045268|Tutor|218
654|Joseph|Mason|1964-09-28|841049977|james65@example.net|F|61428362296|Tutor|218
655|Billy|Mercado|1980-01-16|011339934|ramosrachel@example.net|F|98480233437|Tutor|219
656|John|Morales|1991-09-16|415450568|kimfarrell@example.com|F|48428856106|Tutor|219
657|Walter|Clark|2004-11-02|168876243|leah14@example.org|M|16955803671|Tutor|219
658|Jessica|Jones|1993-12-08|046938972|lynn85@example.net|M|57697436564|Tutor|220
659|Samantha|Medina|1995-06-20|308261293|garrisonchad@example.org|M|69637207689|Tutor|220
660|Ryan|Thomas|1983-11-12|067395549|markmay@example.net|M|41276695567|Tutor|220
661|Wendy|Sanchez|1976-07-02|347655575|davisjoseph@example.net|M|56875593237|Tutor|221
662|Jessica|Anderson|1981-03-17|181432750|cardenasdennis@example.org|M|36551179733|Tutor|221
663|Jacob|Young|1996-02-10|871592028|barnettheidi@example.net|F|72654665084|Tutor|221
664|Jason|Pacheco|1984-01-13|642560891|joshua87@example.org|M|16192612425|Tutor|222
665|Aaron|Newton|1981-04-20|884749374|james46@example.org|M|88693776633|Tutor|222
666|Kimberly|Jones|1975-02-05|203950585|david50@example.org|M|28637660328|Tutor|222
667|Dylan|Morris|1981-05-03|822771945|jonesjessica@example.com|M|78238655461|Tutor|223
668|Chris|Hernandez|1992-03-26|876923935|mholden@example.net|M|35002978807|Tutor|223
669|Daisy|Martinez|1987-05-14|627150968|marybaldwin@example.net|M|38281922049|Tutor|223
670|Ashley|Mccoy|1985-05-01|348416974|scottortiz@example.net|F|38556876885|Tutor|224
671|Douglas|Werner|1994-11-07|539826206|allenkristin@example.org|F|54367658760|Tutor|224
672|Summer|Hart|1997-05-12|669678696|uflores@example.org|F|88328710049|Tutor|224
673|Michael|Simmons|1992-11-04|866821857|jacksoncharles@example.org|M|22304244468|Tutor|225
674|Juan|Nguyen|1980-12-04|313422584|leslie94@example.org|F|89246034022|Tutor|225
675|Michael|Fuller|1983-11-20|253742182|whiteashley@example.org|F|18164893777|Tutor|225
676|Eric|Wilson|1965-10-06|992800890|fosterteresa@example.org|F|01520723087|Tutor|226
677|Matthew|Mack|1968-07-01|925527602|lori54@example.net|M|36773164485|Tutor|226
678|Robert|Pena|1983-05-07|409315523|amber44@example.com|M|15845329093|Tutor|226
679|Stephen|Ramirez|1986-04-02|563037399|cookjessica@example.com|F|84722285027|Tutor|227
680|David|Schwartz|1998-09-14|570174434|rachaeljones@example.net|F|94773020013|Tutor|227
681|Sean|Ruiz|1991-01-27|904416990|carroyo@example.net|M|71582837473|Tutor|227
682|James|Scott|1963-05-06|016345961|awebb@example.com|F|04824018303|Tutor|228
683|Matthew|Warren|1994-07-06|517998026|rebecca30@example.net|M|23036179987|Tutor|228
684|Michael|Hughes|1960-04-27|581617973|ncruz@example.com|M|14445119480|Tutor|228
685|Cody|Oliver|1998-07-22|311980216|kaylarussell@example.net|F|66165003229|Tutor|229
686|Christina|Rodriguez|1965-01-30|058917925|paul21@example.org|M|87883904845|Tutor|229
687|Chad|Robinson|1994-02-27|279981254|jprice@example.com|M|30017640991|Tutor|229
688|Kurt|Snyder|1979-03-13|718766570|nicole47@example.org|F|53463814095|Tutor|230
689|Kyle|Brown|1982-06-10|076304118|aaron62@example.net|M|47724411505|Tutor|230
690|Tonya|Hawkins|1966-04-05|724250649|hintontracy@example.org|M|73716971407|Tutor|230
691|Scott|Guzman|1987-08-07|728778266|stevensheather@example.net|F|51082095752|Tutor|231
692|Nicole|Harrison|1997-01-14|845825697|patrick80@example.net|M|24634360253|Tutor|231
693|Timothy|Rios|1981-09-20|851199449|dlozano@example.org|M|61464815288|Tutor|231
694|Theodore|Owens|1992-03-07|326977172|katherine96@example.org|F|41258657944|Tutor|232
695|Nicole|Ward|1971-08-19|806936279|jamieshepherd@example.org|F|73156288746|Tutor|232
696|Mary|Orr|1972-04-21|739107367|ebauer@example.net|M|45605417077|Tutor|232
697|Tracy|Duncan|1998-04-20|259538852|aaronstout@example.net|M|64594103768|Tutor|233
698|Rose|Hoffman|1978-09-06|540169444|tommy87@example.com|F|66823260787|Tutor|233
699|Devon|Taylor|1976-06-05|006326473|joanna61@example.net|F|22835651814|Tutor|233
700|Jamie|Mccann|1977-06-22|459855312|kelleythomas@example.net|M|45547878410|Tutor|234
701|Dylan|Bentley|1964-01-24|207119948|gail28@example.com|M|81647005379|Tutor|234
702|Stephen|Ryan|1966-10-04|606847108|ronald27@example.org|F|20587489985|Tutor|234
703|Trevor|Ruiz|1991-08-28|055641424|robinsonmatthew@example.net|M|44997224646|Tutor|235
704|Wendy|Harris|1979-06-15|963059557|gpham@example.net|M|10076308755|Tutor|235
705|John|Fitzgerald|1998-01-25|252746262|stephenochoa@example.net|M|49389355288|Tutor|235
706|Ashley|Duran|1967-03-08|059978203|vrocha@example.net|M|11560002701|Tutor|236
707|Stefanie|Rodriguez|1976-01-17|022360788|diazdavid@example.org|F|59701109029|Tutor|236
708|Nicole|Wallace|1976-07-13|852736613|martinezdebra@example.net|F|70537856132|Tutor|236
709|Timothy|Brown|1979-07-07|220560936|gregoryhernandez@example.com|M|30316109922|Tutor|237
710|Steven|Cruz|2001-04-05|607117516|duanechan@example.com|M|80440828072|Tutor|237
711|Jonathan|Smith|1984-03-06|504921657|harrisjames@example.org|M|25300812632|Tutor|237
712|Alan|Hart|1993-07-26|966160020|christopher05@example.net|F|73252929733|Tutor|238
713|Amanda|White|1997-06-30|289116709|amymontgomery@example.org|M|28595492915|Tutor|238
714|Henry|Moore|1959-10-22|113814106|audreyross@example.org|F|71131693483|Tutor|238
715|Shelley|Carson|2001-04-12|558157123|qwarren@example.com|F|43761408851|Tutor|239
716|Rose|James|2005-12-21|544116330|natalieblevins@example.com|M|00380343717|Tutor|239
717|Julian|Morgan|1980-08-03|560259242|jorge21@example.net|M|43156083697|Tutor|239
718|Stephen|Thomas|1981-07-15|435959467|carolynhawkins@example.net|F|96208617604|Tutor|240
719|Carlos|Montoya|1997-01-18|078853106|donaldlove@example.com|F|17945129700|Tutor|240
720|William|Haney|1988-02-02|336560466|kristinlowe@example.net|M|15360251590|Tutor|240
721|Tina|Doyle|1989-10-01|545829971|jasonrhodes@example.com|F|61895467533|Photographer|241
722|Kathleen|Smith|1983-12-16|146252643|rneal@example.com|F|59726318743|Photographer|241
723|Brandon|Shepard|1987-05-17|017914264|robin88@example.org|M|52207568634|Photographer|241
724|Dennis|Cross|1987-07-17|644496114|fergusondavid@example.org|M|85913318795|Photographer|242
725|Joshua|Price|1977-06-05|976021485|wrightbrett@example.org|M|28445236118|Photographer|242
726|Kimberly|Williams|1993-06-19|992346783|lucas69@example.com|M|03700833692|Photographer|242
727|Matthew|Moore|1997-10-20|156806027|tjones@example.org|F|27091878251|Photographer|243
728|Steven|Williams|1999-08-12|064940765|jbarrett@example.com|F|73147337508|Photographer|243
729|Meagan|Carr|1974-06-24|883536526|qroberts@example.com|M|02687533562|Photographer|243
730|Crystal|Jones|2002-03-07|197884442|tmedina@example.org|M|36910075087|Photographer|244
731|James|Cross|1975-01-30|979316487|kherring@example.com|M|13960035163|Photographer|244
732|Heather|Clayton|1965-07-16|891144361|breanna68@example.com|F|76862951991|Photographer|244
733|Samuel|Sutton|2003-03-14|255164412|patrick05@example.com|M|80646690227|Photographer|245
734|Dennis|Williams|1996-12-22|891874328|jimenezjulie@example.org|F|71344793662|Photographer|245
735|Victor|Gates|1985-09-21|807087340|bsanchez@example.org|F|61395617596|Photographer|245
736|David|Barton|2001-04-29|708446380|fvincent@example.org|M|12476780424|Photographer|246
737|Brenda|Decker|1976-12-18|831603786|scott10@example.net|M|86986892154|Photographer|246
738|James|Rasmussen|1990-08-01|937444893|washingtonjeff@example.com|F|75479969980|Photographer|246
739|Wendy|Johnson|1994-09-20|987917654|rmack@example.net|M|16323641609|Photographer|247
740|David|Cummings|1995-08-17|164321939|millerkevin@example.com|F|03997643509|Photographer|247
741|John|Santos|2004-12-21|598910942|vmiles@example.net|F|40987900063|Photographer|247
742|Jonathan|Harris|1993-05-24|682368382|matthew34@example.com|F|25971277939|Photographer|248
743|Kayla|Luna|1963-01-14|709127451|james47@example.org|F|67562539549|Photographer|248
744|Timothy|Williams|1963-02-21|640769424|areed@example.com|F|91023648746|Photographer|248
745|Leah|Joseph|1978-04-22|608900260|jacobcontreras@example.com|F|16352989767|Photographer|249
746|Jonathan|Gibson|2003-02-16|645186631|tpayne@example.org|F|21511659056|Photographer|249
747|Kelly|Ortiz|1974-08-15|420063482|peggy19@example.org|F|34294405971|Photographer|249
748|Samuel|Cochran|1974-09-04|816372215|markbauer@example.com|M|06514127373|Photographer|250
749|Kayla|Jackson|1989-03-20|917519509|kgardner@example.org|M|87200942582|Photographer|250
750|Victor|Hunter|1962-05-09|313312595|michael60@example.net|F|75301738453|Photographer|250
751|Jennifer|Smith|1993-01-07|796109307|kelly39@example.org|F|27435735071|Photographer|251
752|Kelly|Gilbert|1999-03-25|580218504|kathryn82@example.com|F|23841469922|Photographer|251
753|Tammy|Newman|1978-04-13|604850987|fharrington@example.net|F|42931881083|Photographer|251
754|Luis|Wagner|1997-06-02|857852899|wallerjoseph@example.net|F|57540827036|Photographer|252
755|Chad|Munoz|2005-07-30|869568016|triciawilliamson@example.com|M|26554491811|Photographer|252
756|Heather|Johnson|1972-10-18|334415149|alexandrameyer@example.org|M|89822139570|Photographer|252
757|Kathryn|Smith|1986-07-31|077023549|ramseytracy@example.org|F|07393540553|Photographer|253
758|Patrick|Henson|1962-05-12|715670596|clarklisa@example.com|F|70503437822|Photographer|253
759|Rachel|Lane|1965-10-27|099509061|kylie69@example.com|M|89229850749|Photographer|253
760|Zachary|Miller|1976-08-22|238652710|adam18@example.org|M|73599523857|Photographer|254
761|Samantha|Ramirez|1995-08-29|321702577|fischerrobin@example.org|F|94296120155|Photographer|254
762|Jennifer|Rodriguez|1993-07-24|195819737|thomasatkinson@example.com|F|37649651381|Photographer|254
763|Lauren|Myers|1982-03-17|216493212|garciaamy@example.org|M|03462435245|Photographer|255
764|Jose|Clark|1967-04-10|422279518|townsendwilliam@example.org|M|78885551551|Photographer|255
765|Stefanie|Green|1983-10-30|756810801|brownkaren@example.org|F|56289180568|Photographer|255
766|Kevin|Rose|1994-10-28|574238538|williamchavez@example.net|F|41636550466|Photographer|256
767|Brian|Bishop|1999-04-28|679167045|christinedaniels@example.net|F|99565098779|Photographer|256
768|Ashley|Thomas|1968-11-02|347057175|wilsonbrendan@example.org|M|09597021643|Photographer|256
769|Kristin|Bowman|1992-12-16|755471993|carlbrown@example.net|F|04728893205|Photographer|257
770|Rebecca|Myers|2002-02-27|408579876|amberkennedy@example.net|M|42710443277|Photographer|257
771|Emily|Watson|1961-05-10|445816178|aaron40@example.com|F|66704070210|Photographer|257
772|Virginia|Gray|1972-06-11|286550748|osmith@example.com|M|65213338877|Photographer|258
773|Jennifer|Odom|1996-08-31|708494413|kelsey87@example.net|F|56940915178|Photographer|258
774|Mary|Matthews|1964-09-10|775326138|ymarshall@example.com|M|25908605238|Photographer|258
775|Kyle|Grant|1961-05-29|887201235|lindakaufman@example.net|F|64280557840|Photographer|259
776|Jessica|Woods|1970-04-10|050357897|karinacollins@example.org|F|34968434110|Photographer|259
777|Phillip|Richardson|1961-08-29|798297933|fsmith@example.net|M|84952520324|Photographer|259
778|Megan|Ramirez|1979-02-07|150898901|tamaraholland@example.com|M|25784651992|Photographer|260
779|Stephanie|Fuller|2000-06-09|165284740|douglas08@example.com|F|74397774990|Photographer|260
780|Aaron|Morris|1962-01-08|168777262|maldonadosara@example.com|F|98157084883|Photographer|260
781|Ashley|Allen|1974-08-05|625818615|johnjackson@example.org|M|97146886737|Photographer|261
782|Zachary|Baker|1976-09-14|275702516|jeffreymartinez@example.net|M|39192076546|Photographer|261
783|Connor|Norman|1973-10-29|974507450|aclark@example.org|M|53621177192|Photographer|261
784|Charles|Gonzales|1992-09-07|840163145|kevin76@example.org|F|50200920540|Photographer|262
785|Casey|Wilson|1992-05-19|212853397|tsims@example.org|F|84536891141|Photographer|262
786|Amanda|Lane|1995-01-13|434477279|noahmills@example.net|M|48026604574|Photographer|262
787|Jeffrey|Rodriguez|1960-11-11|654755878|nsmith@example.com|M|73067429171|Photographer|263
788|Robert|Rivera|1980-06-02|036850964|edward18@example.org|F|98967335131|Photographer|263
789|Julie|Gonzalez|1978-09-12|761844082|kimberly34@example.com|M|86050288810|Photographer|263
790|Steven|Walker|1985-03-15|508060550|sanchezdonna@example.com|M|64322194249|Photographer|264
791|Julie|Garza|1981-07-10|028645974|fcharles@example.net|M|03584368791|Photographer|264
792|Julia|Henry|1971-12-12|611985388|davidmelendez@example.com|M|69180245118|Photographer|264
793|Alexis|Boyd|1983-02-11|561261465|elliottbecky@example.com|F|39203922598|Photographer|265
794|Lauren|Davis|1989-11-29|637275022|emcdowell@example.org|M|11400373277|Photographer|265
795|Greg|Lee|1967-05-26|268049047|johnbrown@example.com|F|10211834276|Photographer|265
796|Tina|Hall|1997-09-24|232292888|opugh@example.org|F|99836443690|Photographer|266
797|Brittney|Thompson|1974-02-09|214024388|brenda28@example.net|F|50712045496|Photographer|266
798|Lacey|Taylor|1960-10-27|034009152|lglass@example.com|F|74971436096|Photographer|266
799|Samantha|Ortiz|2001-12-15|812536902|yshaw@example.net|M|74719793591|Photographer|267
800|Melissa|Wallace|1999-01-29|545687891|michelleanderson@example.org|F|94437442018|Photographer|267
801|Scott|Valencia|1989-11-11|284815589|georgemark@example.org|M|62796132125|Photographer|267
802|Danielle|Knox|2002-04-25|024896914|rangeldanielle@example.org|M|72625907052|Photographer|268
803|Melissa|Moreno|1984-02-17|812179120|dbrown@example.org|F|01199502102|Photographer|268
804|Paul|Silva|1976-09-02|533480587|krista06@example.com|M|92624201101|Photographer|268
805|Spencer|Farrell|1981-03-07|419818474|andreavalencia@example.org|M|15659434479|Photographer|269
806|Danielle|Hernandez|1978-06-17|776441336|hchung@example.org|M|66225999514|Photographer|269
807|Barbara|Estrada|2004-11-21|902784990|barrettcynthia@example.org|M|87058772936|Photographer|269
808|Elizabeth|Ramirez|1987-12-08|851035240|hannahford@example.com|F|39810400451|Photographer|270
809|Christine|Peters|1969-10-01|806957783|russellshannon@example.com|M|44351575437|Photographer|270
810|Peter|Little|1993-10-31|352637943|hbishop@example.com|M|40723686196|Photographer|270
811|Janet|Gonzalez|2005-09-21|980782689|debrashea@example.net|F|32438020479|Cleaner|271
812|Joseph|Berger|1972-06-24|998323456|johnhernandez@example.org|M|60889243015|Cleaner|271
813|Hannah|Holt|1979-09-16|707883624|brian13@example.org|F|16687235389|Cleaner|271
814|Erika|Clark|1994-06-17|425338824|michaelallen@example.com|F|54107565895|Cleaner|272
815|Maria|Pacheco|1987-05-03|263444875|peterskaren@example.com|F|58338202208|Cleaner|272
816|Melissa|Garcia|1971-10-16|493342480|john71@example.org|M|76863213521|Cleaner|272
817|Tammy|Williams|1973-03-06|358786165|eduardo55@example.org|M|06675971977|Cleaner|273
818|Stephanie|Ortiz|1975-10-29|103950483|maria13@example.org|M|98155595696|Cleaner|273
819|Johnny|Stokes|1972-06-22|184144563|rcarpenter@example.org|F|23097024494|Cleaner|273
820|Holly|Ortiz|2002-10-14|720390226|bethanycooley@example.net|F|67408121417|Cleaner|274
821|Erin|Erickson|1976-03-03|556557240|munozalexis@example.org|F|11482827668|Cleaner|274
822|Gregory|Brown|1995-12-23|672928281|joneslinda@example.org|M|82385629547|Cleaner|274
823|Andrew|Diaz|2002-05-21|263438344|michaeldouglas@example.com|F|22365554695|Cleaner|275
824|Wesley|Smith|1989-01-13|041153061|patrick75@example.net|F|15810591368|Cleaner|275
825|Paul|Clark|2001-11-18|270654462|andrew53@example.com|F|15605443889|Cleaner|275
826|Benjamin|Peterson|1994-05-15|057929621|crodriguez@example.org|F|14448130357|Cleaner|276
827|Julie|Johnson|1988-03-08|112583858|codydavis@example.com|M|30193361814|Cleaner|276
828|Barry|Floyd|1998-07-10|614960192|vcarson@example.net|M|90815127115|Cleaner|276
829|Natasha|Davis|1973-05-21|187607441|kimberly98@example.net|M|35698870341|Cleaner|277
830|James|Mejia|1989-04-09|584177366|whitejulie@example.net|M|02579626681|Cleaner|277
831|Charles|Logan|1991-03-06|493135893|marisaoliver@example.org|M|63898452121|Cleaner|277
832|Timothy|Brown|2006-01-30|178933147|jacksondawn@example.net|M|03020488937|Cleaner|278
833|David|Parker|1985-05-20|915266293|cynthia59@example.org|F|26275507824|Cleaner|278
834|Holly|Blake|1973-09-10|594820533|christopher23@example.net|F|97987290977|Cleaner|278
835|Yolanda|Berger|2005-09-16|881937977|flopez@example.org|M|92186330145|Cleaner|279
836|Chelsey|Burns|1986-07-22|890687883|fryeemily@example.org|M|70878890437|Cleaner|279
837|Angel|Parker|1980-07-08|372371634|qjames@example.org|M|21111105570|Cleaner|279
838|Todd|Mckee|1959-06-14|106615316|leonardsteven@example.net|F|67547513770|Cleaner|280
839|Joel|Diaz|1994-07-06|084720992|jilllee@example.org|M|22950876565|Cleaner|280
840|Nicholas|Cooke|2000-05-15|251417276|conniejones@example.net|F|64961714764|Cleaner|280
841|Heather|Lewis|1989-07-18|639229711|nkennedy@example.com|M|10159613485|Cleaner|281
842|John|Berry|1980-04-26|428410985|davidsonjoshua@example.com|M|57824651941|Cleaner|281
843|Aaron|Benson|1962-01-02|872675491|mario25@example.com|M|71029043440|Cleaner|281
844|Robert|Garcia|1996-11-04|578248239|xcalderon@example.com|M|79169873409|Cleaner|282
845|Theodore|Mathis|1993-07-05|768984512|anthony05@example.net|M|50476082775|Cleaner|282
846|Robert|Kennedy|1966-09-10|058308440|gdorsey@example.com|F|33852032075|Cleaner|282
847|Jennifer|Holmes|2005-10-29|208082851|sandra25@example.net|F|98191506462|Cleaner|283
848|John|Bray|1993-01-12|850398138|lindamays@example.com|F|01697299560|Cleaner|283
849|Ricardo|White|1993-11-11|025176486|donnapage@example.org|F|70666797520|Cleaner|283
850|Nicole|Martinez|1988-04-25|429794723|tavila@example.net|F|96335598061|Cleaner|284
851|Kathryn|Cunningham|1972-02-27|941664098|smithemily@example.com|F|09883244302|Cleaner|284
852|Kimberly|Burgess|1964-07-03|310538964|ijones@example.com|M|33624012179|Cleaner|284
853|Kristina|Campbell|1962-05-23|838827377|kaylapadilla@example.net|M|76844532663|Cleaner|285
854|Chad|Gregory|1972-05-11|275550360|lisahall@example.com|F|03522307636|Cleaner|285
855|George|Harris|1958-08-12|772199964|nstevens@example.net|M|38989791850|Cleaner|285
856|Daniel|Turner|1979-07-15|843818509|cobbhaley@example.net|F|76394560256|Cleaner|286
857|Jose|Cortez|2006-01-14|037651509|lanestacy@example.com|F|42191155310|Cleaner|286
858|Stanley|Hernandez|2003-03-11|341083531|reedcarolyn@example.net|F|81358753375|Cleaner|286
859|James|Vaughn|1979-10-09|272691828|christinefigueroa@example.net|M|07608327042|Cleaner|287
860|Andrew|Pratt|1978-12-08|422758366|kelseygibson@example.com|F|43063355462|Cleaner|287
861|Tina|Hall|1969-05-23|864161736|gbryant@example.net|F|61955717551|Cleaner|287
862|Pamela|Andrade|1994-03-04|638645280|robynaustin@example.com|M|74676173417|Cleaner|288
863|Christopher|Summers|2000-10-07|754198333|austinjohnson@example.com|M|77059290912|Cleaner|288
864|Kenneth|Gomez|1987-08-03|830910934|emily27@example.com|M|92711749946|Cleaner|288
865|Taylor|Harper|1993-10-30|869400333|phillipschad@example.com|F|04018577315|Cleaner|289
866|John|Moore|1971-06-04|222141088|brandyboyd@example.org|F|48331315166|Cleaner|289
867|Philip|Hunt|1985-02-08|888460264|danielsanders@example.net|M|90978215453|Cleaner|289
868|Sabrina|White|1980-11-29|324110017|gregorycaleb@example.org|M|03471834561|Cleaner|290
869|Eric|Anderson|1997-04-06|720378250|rodney76@example.com|F|08500792389|Cleaner|290
870|Melinda|Fernandez|1959-06-03|291560396|ymartinez@example.org|F|09711449101|Cleaner|290
871|Kenneth|Kelly|1962-10-30|670317902|cassidy59@example.net|F|41046616999|Cleaner|291
872|Julia|Williams|1975-05-03|502300014|meganbennett@example.org|M|99309794133|Cleaner|291
873|Richard|Powell|1976-06-30|575931198|kimberly01@example.net|M|86239545210|Cleaner|291
874|Peter|Bryan|1985-10-07|775513326|tlopez@example.net|M|61927566945|Cleaner|292
875|William|Raymond|1975-12-04|280283889|josephgonzalez@example.com|F|01577242239|Cleaner|292
876|Brian|Willis|1976-06-05|287037972|deckerdaniel@example.org|F|30478497041|Cleaner|292
877|Victoria|Alvarado|1978-09-09|413563774|ggarcia@example.com|M|90073754347|Cleaner|293
878|Curtis|Rivera|1995-07-24|801187803|kevin68@example.org|M|19618975290|Cleaner|293
879|Paul|Ibarra|1962-04-18|979784080|katherinemiller@example.net|M|16487280035|Cleaner|293
880|Jessica|Garcia|1994-09-21|362070234|ywyatt@example.net|M|44725155734|Cleaner|294
881|Elizabeth|Mccann|1962-12-03|707498826|nataliemiranda@example.org|M|54955014087|Cleaner|294
882|Christopher|Gay|1960-03-06|570876020|caseysuarez@example.com|F|62971228468|Cleaner|294
883|Dawn|Perez|1986-11-27|159386070|sarah15@example.com|F|20821670381|Cleaner|295
884|Victor|Franco|1991-10-06|258520509|angela87@example.org|F|12550781819|Cleaner|295
885|Madeline|Elliott|1961-02-16|000355139|fburch@example.net|M|40110497242|Cleaner|295
886|Timothy|Morales|1974-03-22|537414881|lfranklin@example.org|F|39028142059|Cleaner|296
887|Dennis|Whitaker|1970-03-31|072755300|tracyfisher@example.com|F|25093236938|Cleaner|296
888|Mary|Lewis|1964-09-17|554975475|ebray@example.com|F|42863676987|Cleaner|296
889|Victoria|Stewart|1994-07-07|036318084|jessica55@example.net|F|11769319072|Cleaner|297
890|Mary|Fischer|1974-10-24|401692667|jeffreywarren@example.org|M|45123024828|Cleaner|297
891|Samantha|Quinn|1968-01-19|251346914|yglass@example.com|F|22036199924|Cleaner|297
892|Peter|Davis|1977-10-31|911964286|millersarah@example.net|F|13108097379|Cleaner|298
893|Allen|Rogers|1968-05-01|839809637|andreawade@example.org|F|71648465530|Cleaner|298
894|Stacy|Anderson|2000-08-17|638898991|fjames@example.net|F|93834492661|Cleaner|298
895|Courtney|Woodward|1969-08-25|753104421|wmalone@example.net|M|45986077704|Cleaner|299
896|Frank|Gray|1961-12-27|657044184|wrightjeff@example.net|F|70383423318|Cleaner|299
897|Vanessa|Edwards|1994-04-13|384993654|jane29@example.com|F|37526872608|Cleaner|299
898|Kevin|Rivera|1958-08-20|809070406|qjohnson@example.net|M|68445774716|Cleaner|300
899|Jeffery|Gray|1979-05-23|079278040|samuel24@example.net|M|55392641591|Cleaner|300
900|William|Shaw|2001-12-25|038689067|trevor74@example.com|M|90051309066|Cleaner|300
